date,area_id,area_name,sector,demand_mld,temperature_c,day_of_week,quality_flag
2024-01-01,SOL-DEMO,Solapur Demonstration,domestic,428.0,30.9,0,synthetic
2024-01-02,SOL-DEMO,Solapur Demonstration,domestic,425.0,31.1,1,synthetic
2024-01-03,SOL-DEMO,Solapur Demonstration,domestic,420.8,32.3,2,synthetic
2024-01-04,SOL-DEMO,Solapur Demonstration,domestic,420.6,29.3,3,synthetic
2024-01-05,SOL-DEMO,Solapur Demonstration,domestic,428.2,29.9,4,synthetic
2024-01-06,SOL-DEMO,Solapur Demonstration,domestic,427.7,32.2,5,synthetic
2024-01-07,SOL-DEMO,Solapur Demonstration,domestic,418.9,33.3,6,synthetic
2024-01-08,SOL-DEMO,Solapur Demonstration,domestic,424.6,28.5,0,synthetic
2024-01-09,SOL-DEMO,Solapur Demonstration,domestic,424.0,32.7,1,synthetic
2024-01-10,SOL-DEMO,Solapur Demonstration,domestic,426.4,29.4,2,synthetic
2024-01-11,SOL-DEMO,Solapur Demonstration,domestic,424.3,31.2,3,synthetic
2024-01-12,SOL-DEMO,Solapur Demonstration,domestic,419.3,31.9,4,synthetic
2024-01-13,SOL-DEMO,Solapur Demonstration,domestic,403.7,27.2,5,synthetic
2024-01-14,SOL-DEMO,Solapur Demonstration,domestic,419.8,32.9,6,synthetic
2024-01-15,SOL-DEMO,Solapur Demonstration,domestic,421.5,31.9,0,synthetic
2024-01-16,SOL-DEMO,Solapur Demonstration,domestic,433.1,31.9,1,synthetic
2024-01-17,SOL-DEMO,Solapur Demonstration,domestic,422.4,28.9,2,synthetic
2024-01-18,SOL-DEMO,Solapur Demonstration,domestic,423.6,30.8,3,synthetic
2024-01-19,SOL-DEMO,Solapur Demonstration,domestic,430.8,28.9,4,synthetic
2024-01-20,SOL-DEMO,Solapur Demonstration,domestic,411.8,30.9,5,synthetic
2024-01-21,SOL-DEMO,Solapur Demonstration,domestic,419.8,32.8,6,synthetic
2024-01-22,SOL-DEMO,Solapur Demonstration,domestic,414.7,30.5,0,synthetic
2024-01-23,SOL-DEMO,Solapur Demonstration,domestic,427.1,30.2,1,synthetic
2024-01-24,SOL-DEMO,Solapur Demonstration,domestic,432.3,30.2,2,synthetic
2024-01-25,SOL-DEMO,Solapur Demonstration,domestic,436.9,31.1,3,synthetic
2024-01-26,SOL-DEMO,Solapur Demonstration,domestic,427.8,29.8,4,synthetic
2024-01-27,SOL-DEMO,Solapur Demonstration,domestic,422.3,30.2,5,synthetic
2024-01-28,SOL-DEMO,Solapur Demonstration,domestic,415.1,29.2,6,synthetic
2024-01-29,SOL-DEMO,Solapur Demonstration,domestic,424.6,31.7,0,synthetic
2024-01-30,SOL-DEMO,Solapur Demonstration,domestic,433.8,32.7,1,synthetic
2024-01-31,SOL-DEMO,Solapur Demonstration,domestic,422.6,31.3,2,synthetic
2024-02-01,SOL-DEMO,Solapur Demonstration,domestic,422.7,31.6,3,synthetic
2024-02-02,SOL-DEMO,Solapur Demonstration,domestic,424.4,30.3,4,synthetic
2024-02-03,SOL-DEMO,Solapur Demonstration,domestic,420.4,30.6,5,synthetic
2024-02-04,SOL-DEMO,Solapur Demonstration,domestic,417.1,30.9,6,synthetic
2024-02-05,SOL-DEMO,Solapur Demonstration,domestic,428.0,31.4,0,synthetic
2024-02-06,SOL-DEMO,Solapur Demonstration,domestic,424.8,32.2,1,synthetic
2024-02-07,SOL-DEMO,Solapur Demonstration,domestic,430.7,31.5,2,synthetic
2024-02-08,SOL-DEMO,Solapur Demonstration,domestic,416.0,27.9,3,synthetic
2024-02-09,SOL-DEMO,Solapur Demonstration,domestic,422.2,29.5,4,synthetic
2024-02-10,SOL-DEMO,Solapur Demonstration,domestic,433.7,31.2,5,synthetic
2024-02-11,SOL-DEMO,Solapur Demonstration,domestic,420.2,31.3,6,synthetic
2024-02-12,SOL-DEMO,Solapur Demonstration,domestic,428.0,30.7,0,synthetic
2024-02-13,SOL-DEMO,Solapur Demonstration,domestic,423.7,30.2,1,synthetic
2024-02-14,SOL-DEMO,Solapur Demonstration,domestic,428.4,29.8,2,synthetic
2024-02-15,SOL-DEMO,Solapur Demonstration,domestic,432.9,31.9,3,synthetic
2024-02-16,SOL-DEMO,Solapur Demonstration,domestic,425.4,29.3,4,synthetic
2024-02-17,SOL-DEMO,Solapur Demonstration,domestic,413.1,30.3,5,synthetic
2024-02-18,SOL-DEMO,Solapur Demonstration,domestic,420.4,31.6,6,synthetic
2024-02-19,SOL-DEMO,Solapur Demonstration,domestic,421.6,29.4,0,synthetic
2024-02-20,SOL-DEMO,Solapur Demonstration,domestic,417.4,32.6,1,synthetic
2024-02-21,SOL-DEMO,Solapur Demonstration,domestic,429.7,31.9,2,synthetic
2024-02-22,SOL-DEMO,Solapur Demonstration,domestic,416.5,29.5,3,synthetic
2024-02-23,SOL-DEMO,Solapur Demonstration,domestic,428.8,28.4,4,synthetic
2024-02-24,SOL-DEMO,Solapur Demonstration,domestic,416.8,30.6,5,synthetic
2024-02-25,SOL-DEMO,Solapur Demonstration,domestic,408.9,29.7,6,synthetic
2024-02-26,SOL-DEMO,Solapur Demonstration,domestic,420.9,32.2,0,synthetic
2024-02-27,SOL-DEMO,Solapur Demonstration,domestic,424.2,29.0,1,synthetic
2024-02-28,SOL-DEMO,Solapur Demonstration,domestic,420.1,31.7,2,synthetic
2024-02-29,SOL-DEMO,Solapur Demonstration,domestic,419.1,30.7,3,synthetic
2024-03-01,SOL-DEMO,Solapur Demonstration,domestic,419.1,32.5,4,synthetic
2024-03-02,SOL-DEMO,Solapur Demonstration,domestic,426.3,32.8,5,synthetic
2024-03-03,SOL-DEMO,Solapur Demonstration,domestic,418.6,29.7,6,synthetic
2024-03-04,SOL-DEMO,Solapur Demonstration,domestic,422.0,31.3,0,synthetic
2024-03-05,SOL-DEMO,Solapur Demonstration,domestic,426.8,29.0,1,synthetic
2024-03-06,SOL-DEMO,Solapur Demonstration,domestic,431.9,31.9,2,synthetic
2024-03-07,SOL-DEMO,Solapur Demonstration,domestic,415.8,28.6,3,synthetic
2024-03-08,SOL-DEMO,Solapur Demonstration,domestic,432.3,30.7,4,synthetic
2024-03-09,SOL-DEMO,Solapur Demonstration,domestic,423.2,31.6,5,synthetic
2024-03-10,SOL-DEMO,Solapur Demonstration,domestic,411.0,32.7,6,synthetic
2024-03-11,SOL-DEMO,Solapur Demonstration,domestic,418.6,30.4,0,synthetic
2024-03-12,SOL-DEMO,Solapur Demonstration,domestic,423.2,28.7,1,synthetic
2024-03-13,SOL-DEMO,Solapur Demonstration,domestic,423.6,30.3,2,synthetic
2024-03-14,SOL-DEMO,Solapur Demonstration,domestic,428.4,30.5,3,synthetic
2024-03-15,SOL-DEMO,Solapur Demonstration,domestic,435.0,31.1,4,synthetic
2024-03-16,SOL-DEMO,Solapur Demonstration,domestic,425.3,31.6,5,synthetic
2024-03-17,SOL-DEMO,Solapur Demonstration,domestic,411.8,32.0,6,synthetic
2024-03-18,SOL-DEMO,Solapur Demonstration,domestic,424.6,30.1,0,synthetic
2024-03-19,SOL-DEMO,Solapur Demonstration,domestic,417.0,30.2,1,synthetic
2024-03-20,SOL-DEMO,Solapur Demonstration,domestic,423.2,31.9,2,synthetic
2024-03-21,SOL-DEMO,Solapur Demonstration,domestic,433.1,31.3,3,synthetic
2024-03-22,SOL-DEMO,Solapur Demonstration,domestic,430.2,31.8,4,synthetic
2024-03-23,SOL-DEMO,Solapur Demonstration,domestic,410.6,29.8,5,synthetic
2024-03-24,SOL-DEMO,Solapur Demonstration,domestic,422.2,29.7,6,synthetic
2024-03-25,SOL-DEMO,Solapur Demonstration,domestic,423.0,30.8,0,synthetic
2024-03-26,SOL-DEMO,Solapur Demonstration,domestic,417.6,28.2,1,synthetic
2024-03-27,SOL-DEMO,Solapur Demonstration,domestic,422.8,28.8,2,synthetic
2024-03-28,SOL-DEMO,Solapur Demonstration,domestic,423.5,29.1,3,synthetic
2024-03-29,SOL-DEMO,Solapur Demonstration,domestic,428.6,31.2,4,synthetic
2024-03-30,SOL-DEMO,Solapur Demonstration,domestic,410.0,30.0,5,synthetic
2024-03-31,SOL-DEMO,Solapur Demonstration,domestic,417.9,29.5,6,synthetic
2024-04-01,SOL-DEMO,Solapur Demonstration,domestic,413.7,31.9,0,synthetic
2024-04-02,SOL-DEMO,Solapur Demonstration,domestic,427.6,30.5,1,synthetic
2024-04-03,SOL-DEMO,Solapur Demonstration,domestic,423.8,30.1,2,synthetic
2024-04-04,SOL-DEMO,Solapur Demonstration,domestic,422.8,32.3,3,synthetic
2024-04-05,SOL-DEMO,Solapur Demonstration,domestic,428.5,30.7,4,synthetic
2024-04-06,SOL-DEMO,Solapur Demonstration,domestic,424.9,30.7,5,synthetic
2024-04-07,SOL-DEMO,Solapur Demonstration,domestic,409.1,30.0,6,synthetic
2024-04-08,SOL-DEMO,Solapur Demonstration,domestic,433.5,31.6,0,synthetic
2024-04-09,SOL-DEMO,Solapur Demonstration,domestic,429.9,31.2,1,synthetic
2024-04-10,SOL-DEMO,Solapur Demonstration,domestic,430.6,32.0,2,synthetic
2024-04-11,SOL-DEMO,Solapur Demonstration,domestic,425.9,29.7,3,synthetic
2024-04-12,SOL-DEMO,Solapur Demonstration,domestic,428.9,30.9,4,synthetic
2024-04-13,SOL-DEMO,Solapur Demonstration,domestic,415.9,30.1,5,synthetic
2024-04-14,SOL-DEMO,Solapur Demonstration,domestic,414.5,29.1,6,synthetic
2024-04-15,SOL-DEMO,Solapur Demonstration,domestic,431.9,29.9,0,synthetic
2024-04-16,SOL-DEMO,Solapur Demonstration,domestic,410.6,29.7,1,synthetic
2024-04-17,SOL-DEMO,Solapur Demonstration,domestic,426.1,30.1,2,synthetic
2024-04-18,SOL-DEMO,Solapur Demonstration,domestic,423.9,29.6,3,synthetic
2024-04-19,SOL-DEMO,Solapur Demonstration,domestic,419.4,30.2,4,synthetic
2024-04-20,SOL-DEMO,Solapur Demonstration,domestic,427.8,29.9,5,synthetic
2024-04-21,SOL-DEMO,Solapur Demonstration,domestic,421.7,30.4,6,synthetic
2024-04-22,SOL-DEMO,Solapur Demonstration,domestic,420.1,30.6,0,synthetic
2024-04-23,SOL-DEMO,Solapur Demonstration,domestic,422.6,30.1,1,synthetic
2024-04-24,SOL-DEMO,Solapur Demonstration,domestic,415.0,30.7,2,synthetic
2024-04-25,SOL-DEMO,Solapur Demonstration,domestic,432.5,31.1,3,synthetic
2024-04-26,SOL-DEMO,Solapur Demonstration,domestic,430.1,30.4,4,synthetic
2024-04-27,SOL-DEMO,Solapur Demonstration,domestic,420.0,30.6,5,synthetic
2024-04-28,SOL-DEMO,Solapur Demonstration,domestic,414.1,29.8,6,synthetic
2024-04-29,SOL-DEMO,Solapur Demonstration,domestic,434.1,31.5,0,synthetic
2024-04-30,SOL-DEMO,Solapur Demonstration,domestic,426.4,31.1,1,synthetic
2024-05-01,SOL-DEMO,Solapur Demonstration,domestic,419.2,31.4,2,synthetic
2024-05-02,SOL-DEMO,Solapur Demonstration,domestic,422.1,29.8,3,synthetic
2024-05-03,SOL-DEMO,Solapur Demonstration,domestic,433.4,29.4,4,synthetic
2024-05-04,SOL-DEMO,Solapur Demonstration,domestic,415.6,29.8,5,synthetic
2024-05-05,SOL-DEMO,Solapur Demonstration,domestic,412.4,32.9,6,synthetic
2024-05-06,SOL-DEMO,Solapur Demonstration,domestic,420.1,29.4,0,synthetic
2024-05-07,SOL-DEMO,Solapur Demonstration,domestic,422.9,31.6,1,synthetic
2024-05-08,SOL-DEMO,Solapur Demonstration,domestic,424.6,32.5,2,synthetic
2024-05-09,SOL-DEMO,Solapur Demonstration,domestic,421.2,31.4,3,synthetic
2024-05-10,SOL-DEMO,Solapur Demonstration,domestic,434.6,31.7,4,synthetic
2024-05-11,SOL-DEMO,Solapur Demonstration,domestic,423.5,30.7,5,synthetic
2024-05-12,SOL-DEMO,Solapur Demonstration,domestic,418.2,29.3,6,synthetic
2024-05-13,SOL-DEMO,Solapur Demonstration,domestic,433.2,32.2,0,synthetic
2024-05-14,SOL-DEMO,Solapur Demonstration,domestic,424.6,30.3,1,synthetic
2024-05-15,SOL-DEMO,Solapur Demonstration,domestic,427.6,30.2,2,synthetic
2024-05-16,SOL-DEMO,Solapur Demonstration,domestic,423.0,28.6,3,synthetic
2024-05-17,SOL-DEMO,Solapur Demonstration,domestic,427.5,30.6,4,synthetic
2024-05-18,SOL-DEMO,Solapur Demonstration,domestic,416.2,30.7,5,synthetic
2024-05-19,SOL-DEMO,Solapur Demonstration,domestic,416.4,30.8,6,synthetic
2024-05-20,SOL-DEMO,Solapur Demonstration,domestic,420.1,29.5,0,synthetic
2024-05-21,SOL-DEMO,Solapur Demonstration,domestic,424.7,30.5,1,synthetic
2024-05-22,SOL-DEMO,Solapur Demonstration,domestic,435.4,30.2,2,synthetic
2024-05-23,SOL-DEMO,Solapur Demonstration,domestic,423.6,30.6,3,synthetic
2024-05-24,SOL-DEMO,Solapur Demonstration,domestic,429.6,31.6,4,synthetic
2024-05-25,SOL-DEMO,Solapur Demonstration,domestic,424.9,31.3,5,synthetic
2024-05-26,SOL-DEMO,Solapur Demonstration,domestic,421.3,28.0,6,synthetic
2024-05-27,SOL-DEMO,Solapur Demonstration,domestic,426.8,29.7,0,synthetic
2024-05-28,SOL-DEMO,Solapur Demonstration,domestic,425.4,30.8,1,synthetic
2024-05-29,SOL-DEMO,Solapur Demonstration,domestic,419.7,30.5,2,synthetic
2024-05-30,SOL-DEMO,Solapur Demonstration,domestic,412.5,28.6,3,synthetic
2024-05-31,SOL-DEMO,Solapur Demonstration,domestic,425.6,29.5,4,synthetic
2024-06-01,SOL-DEMO,Solapur Demonstration,domestic,411.8,30.1,5,synthetic
2024-06-02,SOL-DEMO,Solapur Demonstration,domestic,412.3,28.1,6,synthetic
2024-06-03,SOL-DEMO,Solapur Demonstration,domestic,425.7,30.9,0,synthetic
2024-06-04,SOL-DEMO,Solapur Demonstration,domestic,423.8,29.8,1,synthetic
2024-06-05,SOL-DEMO,Solapur Demonstration,domestic,430.9,28.9,2,synthetic
2024-06-06,SOL-DEMO,Solapur Demonstration,domestic,429.1,29.8,3,synthetic
2024-06-07,SOL-DEMO,Solapur Demonstration,domestic,427.6,30.3,4,synthetic
2024-06-08,SOL-DEMO,Solapur Demonstration,domestic,422.1,28.5,5,synthetic
2024-06-09,SOL-DEMO,Solapur Demonstration,domestic,416.7,29.3,6,synthetic
2024-06-10,SOL-DEMO,Solapur Demonstration,domestic,427.3,28.7,0,synthetic
2024-06-11,SOL-DEMO,Solapur Demonstration,domestic,416.7,29.3,1,synthetic
2024-06-12,SOL-DEMO,Solapur Demonstration,domestic,426.6,29.3,2,synthetic
2024-06-13,SOL-DEMO,Solapur Demonstration,domestic,420.4,29.1,3,synthetic
2024-06-14,SOL-DEMO,Solapur Demonstration,domestic,422.4,29.9,4,synthetic
2024-06-15,SOL-DEMO,Solapur Demonstration,domestic,414.9,29.5,5,synthetic
2024-06-16,SOL-DEMO,Solapur Demonstration,domestic,415.7,30.8,6,synthetic
2024-06-17,SOL-DEMO,Solapur Demonstration,domestic,422.0,30.4,0,synthetic
2024-06-18,SOL-DEMO,Solapur Demonstration,domestic,425.3,28.9,1,synthetic
2024-06-19,SOL-DEMO,Solapur Demonstration,domestic,421.1,27.8,2,synthetic
2024-06-20,SOL-DEMO,Solapur Demonstration,domestic,428.1,29.5,3,synthetic
2024-06-21,SOL-DEMO,Solapur Demonstration,domestic,416.9,27.8,4,synthetic
2024-06-22,SOL-DEMO,Solapur Demonstration,domestic,411.3,26.0,5,synthetic
2024-06-23,SOL-DEMO,Solapur Demonstration,domestic,408.7,29.0,6,synthetic
2024-06-24,SOL-DEMO,Solapur Demonstration,domestic,421.0,27.3,0,synthetic
2024-06-25,SOL-DEMO,Solapur Demonstration,domestic,426.9,25.8,1,synthetic
2024-06-26,SOL-DEMO,Solapur Demonstration,domestic,415.3,27.8,2,synthetic
2024-06-27,SOL-DEMO,Solapur Demonstration,domestic,424.3,29.1,3,synthetic
2024-06-28,SOL-DEMO,Solapur Demonstration,domestic,424.7,29.4,4,synthetic
2024-06-29,SOL-DEMO,Solapur Demonstration,domestic,413.0,27.9,5,synthetic
2024-06-30,SOL-DEMO,Solapur Demonstration,domestic,414.8,29.5,6,synthetic
2024-07-01,SOL-DEMO,Solapur Demonstration,domestic,416.6,27.9,0,synthetic
2024-07-02,SOL-DEMO,Solapur Demonstration,domestic,410.9,25.0,1,synthetic
2024-07-03,SOL-DEMO,Solapur Demonstration,domestic,423.2,27.6,2,synthetic
2024-07-04,SOL-DEMO,Solapur Demonstration,domestic,426.2,26.6,3,synthetic
2024-07-05,SOL-DEMO,Solapur Demonstration,domestic,427.6,27.8,4,synthetic
2024-07-06,SOL-DEMO,Solapur Demonstration,domestic,416.8,28.3,5,synthetic
2024-07-07,SOL-DEMO,Solapur Demonstration,domestic,416.7,26.8,6,synthetic
2024-07-08,SOL-DEMO,Solapur Demonstration,domestic,422.9,26.5,0,synthetic
2024-07-09,SOL-DEMO,Solapur Demonstration,domestic,429.2,26.7,1,synthetic
2024-07-10,SOL-DEMO,Solapur Demonstration,domestic,416.7,25.5,2,synthetic
2024-07-11,SOL-DEMO,Solapur Demonstration,domestic,425.9,27.9,3,synthetic
2024-07-12,SOL-DEMO,Solapur Demonstration,domestic,421.4,27.5,4,synthetic
2024-07-13,SOL-DEMO,Solapur Demonstration,domestic,414.3,24.4,5,synthetic
2024-07-14,SOL-DEMO,Solapur Demonstration,domestic,420.9,28.3,6,synthetic
2024-07-15,SOL-DEMO,Solapur Demonstration,domestic,411.4,26.4,0,synthetic
2024-07-16,SOL-DEMO,Solapur Demonstration,domestic,416.1,26.7,1,synthetic
2024-07-17,SOL-DEMO,Solapur Demonstration,domestic,426.4,31.8,2,synthetic
2024-07-18,SOL-DEMO,Solapur Demonstration,domestic,432.0,27.3,3,synthetic
2024-07-19,SOL-DEMO,Solapur Demonstration,domestic,412.9,25.9,4,synthetic
2024-07-20,SOL-DEMO,Solapur Demonstration,domestic,410.4,27.3,5,synthetic
2024-07-21,SOL-DEMO,Solapur Demonstration,domestic,408.7,25.9,6,synthetic
2024-07-22,SOL-DEMO,Solapur Demonstration,domestic,414.2,24.2,0,synthetic
2024-07-23,SOL-DEMO,Solapur Demonstration,domestic,415.7,26.5,1,synthetic
2024-07-24,SOL-DEMO,Solapur Demonstration,domestic,425.6,26.2,2,synthetic
2024-07-25,SOL-DEMO,Solapur Demonstration,domestic,413.4,26.2,3,synthetic
2024-07-26,SOL-DEMO,Solapur Demonstration,domestic,425.1,27.8,4,synthetic
2024-07-27,SOL-DEMO,Solapur Demonstration,domestic,428.4,28.8,5,synthetic
2024-07-28,SOL-DEMO,Solapur Demonstration,domestic,409.6,26.1,6,synthetic
2024-07-29,SOL-DEMO,Solapur Demonstration,domestic,414.3,26.6,0,synthetic
2024-07-30,SOL-DEMO,Solapur Demonstration,domestic,412.8,24.7,1,synthetic
2024-07-31,SOL-DEMO,Solapur Demonstration,domestic,407.0,26.0,2,synthetic
2024-08-01,SOL-DEMO,Solapur Demonstration,domestic,425.0,26.4,3,synthetic
2024-08-02,SOL-DEMO,Solapur Demonstration,domestic,414.1,26.4,4,synthetic
2024-08-03,SOL-DEMO,Solapur Demonstration,domestic,410.1,27.0,5,synthetic
2024-08-04,SOL-DEMO,Solapur Demonstration,domestic,417.6,24.9,6,synthetic
2024-08-05,SOL-DEMO,Solapur Demonstration,domestic,417.5,27.1,0,synthetic
2024-08-06,SOL-DEMO,Solapur Demonstration,domestic,411.0,23.9,1,synthetic
2024-08-07,SOL-DEMO,Solapur Demonstration,domestic,433.5,27.2,2,synthetic
2024-08-08,SOL-DEMO,Solapur Demonstration,domestic,421.2,24.6,3,synthetic
2024-08-09,SOL-DEMO,Solapur Demonstration,domestic,411.7,25.1,4,synthetic
2024-08-10,SOL-DEMO,Solapur Demonstration,domestic,413.6,24.9,5,synthetic
2024-08-11,SOL-DEMO,Solapur Demonstration,domestic,414.7,25.5,6,synthetic
2024-08-12,SOL-DEMO,Solapur Demonstration,domestic,422.3,25.3,0,synthetic
2024-08-13,SOL-DEMO,Solapur Demonstration,domestic,416.2,25.8,1,synthetic
2024-08-14,SOL-DEMO,Solapur Demonstration,domestic,420.4,25.6,2,synthetic
2024-08-15,SOL-DEMO,Solapur Demonstration,domestic,427.2,26.0,3,synthetic
2024-08-16,SOL-DEMO,Solapur Demonstration,domestic,417.1,25.4,4,synthetic
2024-08-17,SOL-DEMO,Solapur Demonstration,domestic,405.3,25.3,5,synthetic
2024-08-18,SOL-DEMO,Solapur Demonstration,domestic,419.7,25.5,6,synthetic
2024-08-19,SOL-DEMO,Solapur Demonstration,domestic,418.9,25.8,0,synthetic
2024-08-20,SOL-DEMO,Solapur Demonstration,domestic,421.7,25.9,1,synthetic
2024-08-21,SOL-DEMO,Solapur Demonstration,domestic,413.1,25.7,2,synthetic
2024-08-22,SOL-DEMO,Solapur Demonstration,domestic,408.7,24.4,3,synthetic
2024-08-23,SOL-DEMO,Solapur Demonstration,domestic,417.4,25.8,4,synthetic
2024-08-24,SOL-DEMO,Solapur Demonstration,domestic,411.4,22.7,5,synthetic
2024-08-25,SOL-DEMO,Solapur Demonstration,domestic,412.4,26.9,6,synthetic
2024-08-26,SOL-DEMO,Solapur Demonstration,domestic,418.1,27.4,0,synthetic
2024-08-27,SOL-DEMO,Solapur Demonstration,domestic,417.5,25.0,1,synthetic
2024-08-28,SOL-DEMO,Solapur Demonstration,domestic,428.7,25.5,2,synthetic
2024-08-29,SOL-DEMO,Solapur Demonstration,domestic,422.3,24.5,3,synthetic
2024-08-30,SOL-DEMO,Solapur Demonstration,domestic,421.8,25.2,4,synthetic
2024-08-31,SOL-DEMO,Solapur Demonstration,domestic,410.3,24.6,5,synthetic
2024-09-01,SOL-DEMO,Solapur Demonstration,domestic,408.4,26.6,6,synthetic
2024-09-02,SOL-DEMO,Solapur Demonstration,domestic,411.4,25.1,0,synthetic
2024-09-03,SOL-DEMO,Solapur Demonstration,domestic,417.5,25.5,1,synthetic
2024-09-04,SOL-DEMO,Solapur Demonstration,domestic,420.4,27.6,2,synthetic
2024-09-05,SOL-DEMO,Solapur Demonstration,domestic,423.5,23.3,3,synthetic
2024-09-06,SOL-DEMO,Solapur Demonstration,domestic,410.2,26.5,4,synthetic
2024-09-07,SOL-DEMO,Solapur Demonstration,domestic,403.7,23.8,5,synthetic
2024-09-08,SOL-DEMO,Solapur Demonstration,domestic,402.2,24.4,6,synthetic
2024-09-09,SOL-DEMO,Solapur Demonstration,domestic,417.4,24.7,0,synthetic
2024-09-10,SOL-DEMO,Solapur Demonstration,domestic,410.0,25.8,1,synthetic
2024-09-11,SOL-DEMO,Solapur Demonstration,domestic,418.8,25.5,2,synthetic
2024-09-12,SOL-DEMO,Solapur Demonstration,domestic,418.7,25.1,3,synthetic
2024-09-13,SOL-DEMO,Solapur Demonstration,domestic,415.4,27.3,4,synthetic
2024-09-14,SOL-DEMO,Solapur Demonstration,domestic,403.4,26.1,5,synthetic
2024-09-15,SOL-DEMO,Solapur Demonstration,domestic,407.4,24.3,6,synthetic
2024-09-16,SOL-DEMO,Solapur Demonstration,domestic,417.8,26.2,0,synthetic
2024-09-17,SOL-DEMO,Solapur Demonstration,domestic,432.0,30.8,1,synthetic
2024-09-18,SOL-DEMO,Solapur Demonstration,domestic,420.0,24.8,2,synthetic
2024-09-19,SOL-DEMO,Solapur Demonstration,domestic,423.6,25.9,3,synthetic
2024-09-20,SOL-DEMO,Solapur Demonstration,domestic,418.9,28.5,4,synthetic
2024-09-21,SOL-DEMO,Solapur Demonstration,domestic,413.5,25.2,5,synthetic
2024-09-22,SOL-DEMO,Solapur Demonstration,domestic,412.0,25.4,6,synthetic
2024-09-23,SOL-DEMO,Solapur Demonstration,domestic,416.8,25.7,0,synthetic
2024-09-24,SOL-DEMO,Solapur Demonstration,domestic,411.8,23.1,1,synthetic
2024-09-25,SOL-DEMO,Solapur Demonstration,domestic,411.6,25.2,2,synthetic
2024-09-26,SOL-DEMO,Solapur Demonstration,domestic,413.6,27.3,3,synthetic
2024-09-27,SOL-DEMO,Solapur Demonstration,domestic,413.8,26.0,4,synthetic
2024-09-28,SOL-DEMO,Solapur Demonstration,domestic,409.4,28.6,5,synthetic
2024-09-29,SOL-DEMO,Solapur Demonstration,domestic,409.2,28.2,6,synthetic
2024-09-30,SOL-DEMO,Solapur Demonstration,domestic,421.1,25.4,0,synthetic
2024-10-01,SOL-DEMO,Solapur Demonstration,domestic,419.6,25.3,1,synthetic
2024-10-02,SOL-DEMO,Solapur Demonstration,domestic,417.3,25.9,2,synthetic
2024-10-03,SOL-DEMO,Solapur Demonstration,domestic,413.6,25.5,3,synthetic
2024-10-04,SOL-DEMO,Solapur Demonstration,domestic,421.0,26.1,4,synthetic
2024-10-05,SOL-DEMO,Solapur Demonstration,domestic,411.8,23.6,5,synthetic
2024-10-06,SOL-DEMO,Solapur Demonstration,domestic,416.8,27.3,6,synthetic
2024-10-07,SOL-DEMO,Solapur Demonstration,domestic,425.1,27.6,0,synthetic
2024-10-08,SOL-DEMO,Solapur Demonstration,domestic,415.2,26.4,1,synthetic
2024-10-09,SOL-DEMO,Solapur Demonstration,domestic,423.5,25.8,2,synthetic
2024-10-10,SOL-DEMO,Solapur Demonstration,domestic,419.2,26.4,3,synthetic
2024-10-11,SOL-DEMO,Solapur Demonstration,domestic,424.9,25.7,4,synthetic
2024-10-12,SOL-DEMO,Solapur Demonstration,domestic,413.6,27.6,5,synthetic
2024-10-13,SOL-DEMO,Solapur Demonstration,domestic,402.4,27.9,6,synthetic
2024-10-14,SOL-DEMO,Solapur Demonstration,domestic,422.2,27.5,0,synthetic
2024-10-15,SOL-DEMO,Solapur Demonstration,domestic,417.9,25.8,1,synthetic
2024-10-16,SOL-DEMO,Solapur Demonstration,domestic,412.1,26.9,2,synthetic
2024-10-17,SOL-DEMO,Solapur Demonstration,domestic,410.2,28.7,3,synthetic
2024-10-18,SOL-DEMO,Solapur Demonstration,domestic,425.3,25.7,4,synthetic
2024-10-19,SOL-DEMO,Solapur Demonstration,domestic,417.1,28.2,5,synthetic
2024-10-20,SOL-DEMO,Solapur Demonstration,domestic,400.5,26.4,6,synthetic
2024-10-21,SOL-DEMO,Solapur Demonstration,domestic,420.2,28.0,0,synthetic
2024-10-22,SOL-DEMO,Solapur Demonstration,domestic,427.5,28.4,1,synthetic
2024-10-23,SOL-DEMO,Solapur Demonstration,domestic,429.1,26.5,2,synthetic
2024-10-24,SOL-DEMO,Solapur Demonstration,domestic,411.7,27.8,3,synthetic
2024-10-25,SOL-DEMO,Solapur Demonstration,domestic,424.0,26.2,4,synthetic
2024-10-26,SOL-DEMO,Solapur Demonstration,domestic,417.7,28.0,5,synthetic
2024-10-27,SOL-DEMO,Solapur Demonstration,domestic,409.7,28.0,6,synthetic
2024-10-28,SOL-DEMO,Solapur Demonstration,domestic,424.3,27.6,0,synthetic
2024-10-29,SOL-DEMO,Solapur Demonstration,domestic,422.6,27.7,1,synthetic
2024-10-30,SOL-DEMO,Solapur Demonstration,domestic,427.8,27.2,2,synthetic
2024-10-31,SOL-DEMO,Solapur Demonstration,domestic,426.1,29.6,3,synthetic
2024-11-01,SOL-DEMO,Solapur Demonstration,domestic,415.5,28.9,4,synthetic
2024-11-02,SOL-DEMO,Solapur Demonstration,domestic,409.6,29.7,5,synthetic
2024-11-03,SOL-DEMO,Solapur Demonstration,domestic,419.0,30.6,6,synthetic
2024-11-04,SOL-DEMO,Solapur Demonstration,domestic,424.7,29.4,0,synthetic
2024-11-05,SOL-DEMO,Solapur Demonstration,domestic,432.1,30.4,1,synthetic
2024-11-06,SOL-DEMO,Solapur Demonstration,domestic,420.8,27.6,2,synthetic
2024-11-07,SOL-DEMO,Solapur Demonstration,domestic,423.6,28.7,3,synthetic
2024-11-08,SOL-DEMO,Solapur Demonstration,domestic,426.8,29.8,4,synthetic
2024-11-09,SOL-DEMO,Solapur Demonstration,domestic,408.5,26.3,5,synthetic
2024-11-10,SOL-DEMO,Solapur Demonstration,domestic,405.6,27.5,6,synthetic
2024-11-11,SOL-DEMO,Solapur Demonstration,domestic,418.5,29.4,0,synthetic
2024-11-12,SOL-DEMO,Solapur Demonstration,domestic,420.6,29.6,1,synthetic
2024-11-13,SOL-DEMO,Solapur Demonstration,domestic,422.8,30.1,2,synthetic
2024-11-14,SOL-DEMO,Solapur Demonstration,domestic,426.1,29.5,3,synthetic
2024-11-15,SOL-DEMO,Solapur Demonstration,domestic,414.3,28.2,4,synthetic
2024-11-16,SOL-DEMO,Solapur Demonstration,domestic,415.7,28.3,5,synthetic
2024-11-17,SOL-DEMO,Solapur Demonstration,domestic,415.3,30.6,6,synthetic
2024-11-18,SOL-DEMO,Solapur Demonstration,domestic,427.0,31.0,0,synthetic
2024-11-19,SOL-DEMO,Solapur Demonstration,domestic,424.6,31.6,1,synthetic
2024-11-20,SOL-DEMO,Solapur Demonstration,domestic,421.1,29.1,2,synthetic
2024-11-21,SOL-DEMO,Solapur Demonstration,domestic,422.8,29.5,3,synthetic
2024-11-22,SOL-DEMO,Solapur Demonstration,domestic,424.9,31.2,4,synthetic
2024-11-23,SOL-DEMO,Solapur Demonstration,domestic,416.8,31.2,5,synthetic
2024-11-24,SOL-DEMO,Solapur Demonstration,domestic,418.1,31.2,6,synthetic
2024-11-25,SOL-DEMO,Solapur Demonstration,domestic,424.1,30.5,0,synthetic
2024-11-26,SOL-DEMO,Solapur Demonstration,domestic,420.9,31.3,1,synthetic
2024-11-27,SOL-DEMO,Solapur Demonstration,domestic,429.5,30.0,2,synthetic
2024-11-28,SOL-DEMO,Solapur Demonstration,domestic,421.0,28.9,3,synthetic
2024-11-29,SOL-DEMO,Solapur Demonstration,domestic,427.2,32.0,4,synthetic
2024-11-30,SOL-DEMO,Solapur Demonstration,domestic,416.9,30.3,5,synthetic
2024-12-01,SOL-DEMO,Solapur Demonstration,domestic,417.5,31.0,6,synthetic
2024-12-02,SOL-DEMO,Solapur Demonstration,domestic,434.1,31.8,0,synthetic
2024-12-03,SOL-DEMO,Solapur Demonstration,domestic,426.2,31.3,1,synthetic
2024-12-04,SOL-DEMO,Solapur Demonstration,domestic,425.0,29.0,2,synthetic
2024-12-05,SOL-DEMO,Solapur Demonstration,domestic,422.6,30.7,3,synthetic
2024-12-06,SOL-DEMO,Solapur Demonstration,domestic,428.1,29.9,4,synthetic
2024-12-07,SOL-DEMO,Solapur Demonstration,domestic,425.6,30.6,5,synthetic
2024-12-08,SOL-DEMO,Solapur Demonstration,domestic,405.0,31.7,6,synthetic
2024-12-09,SOL-DEMO,Solapur Demonstration,domestic,421.8,29.4,0,synthetic
2024-12-10,SOL-DEMO,Solapur Demonstration,domestic,416.3,29.4,1,synthetic
2024-12-11,SOL-DEMO,Solapur Demonstration,domestic,421.1,31.5,2,synthetic
2024-12-12,SOL-DEMO,Solapur Demonstration,domestic,422.4,29.8,3,synthetic
2024-12-13,SOL-DEMO,Solapur Demonstration,domestic,422.7,30.9,4,synthetic
2024-12-14,SOL-DEMO,Solapur Demonstration,domestic,414.4,30.7,5,synthetic
2024-12-15,SOL-DEMO,Solapur Demonstration,domestic,410.9,29.3,6,synthetic
2024-12-16,SOL-DEMO,Solapur Demonstration,domestic,417.0,29.5,0,synthetic
2024-12-17,SOL-DEMO,Solapur Demonstration,domestic,423.4,31.0,1,synthetic
2024-12-18,SOL-DEMO,Solapur Demonstration,domestic,432.6,29.7,2,synthetic
2024-12-19,SOL-DEMO,Solapur Demonstration,domestic,428.8,29.7,3,synthetic
2024-12-20,SOL-DEMO,Solapur Demonstration,domestic,426.8,30.3,4,synthetic
2024-12-21,SOL-DEMO,Solapur Demonstration,domestic,411.9,28.0,5,synthetic
2024-12-22,SOL-DEMO,Solapur Demonstration,domestic,419.5,30.8,6,synthetic
2024-12-23,SOL-DEMO,Solapur Demonstration,domestic,427.7,31.2,0,synthetic
2024-12-24,SOL-DEMO,Solapur Demonstration,domestic,424.7,30.8,1,synthetic
2024-12-25,SOL-DEMO,Solapur Demonstration,domestic,416.6,28.8,2,synthetic
2024-12-26,SOL-DEMO,Solapur Demonstration,domestic,421.3,29.9,3,synthetic
2024-12-27,SOL-DEMO,Solapur Demonstration,domestic,427.5,28.9,4,synthetic
2024-12-28,SOL-DEMO,Solapur Demonstration,domestic,418.6,29.7,5,synthetic
2024-12-29,SOL-DEMO,Solapur Demonstration,domestic,414.6,29.7,6,synthetic
2024-12-30,SOL-DEMO,Solapur Demonstration,domestic,425.2,28.9,0,synthetic
2024-12-31,SOL-DEMO,Solapur Demonstration,domestic,433.5,31.1,1,synthetic
2025-01-01,SOL-DEMO,Solapur Demonstration,domestic,424.6,29.2,2,synthetic
2025-01-02,SOL-DEMO,Solapur Demonstration,domestic,419.4,29.3,3,synthetic
2025-01-03,SOL-DEMO,Solapur Demonstration,domestic,428.5,27.8,4,synthetic
2025-01-04,SOL-DEMO,Solapur Demonstration,domestic,407.8,29.6,5,synthetic
2025-01-05,SOL-DEMO,Solapur Demonstration,domestic,420.1,30.4,6,synthetic
2025-01-06,SOL-DEMO,Solapur Demonstration,domestic,429.7,32.7,0,synthetic
2025-01-07,SOL-DEMO,Solapur Demonstration,domestic,424.6,32.1,1,synthetic
2025-01-08,SOL-DEMO,Solapur Demonstration,domestic,434.0,29.5,2,synthetic
2025-01-09,SOL-DEMO,Solapur Demonstration,domestic,428.6,30.3,3,synthetic
2025-01-10,SOL-DEMO,Solapur Demonstration,domestic,425.5,29.9,4,synthetic
2025-01-11,SOL-DEMO,Solapur Demonstration,domestic,409.9,31.2,5,synthetic
2025-01-12,SOL-DEMO,Solapur Demonstration,domestic,409.4,30.4,6,synthetic
2025-01-13,SOL-DEMO,Solapur Demonstration,domestic,418.9,30.6,0,synthetic
2025-01-14,SOL-DEMO,Solapur Demonstration,domestic,431.0,29.7,1,synthetic
2025-01-15,SOL-DEMO,Solapur Demonstration,domestic,423.5,33.6,2,synthetic
2025-01-16,SOL-DEMO,Solapur Demonstration,domestic,426.3,30.3,3,synthetic
2025-01-17,SOL-DEMO,Solapur Demonstration,domestic,413.4,28.6,4,synthetic
2025-01-18,SOL-DEMO,Solapur Demonstration,domestic,412.2,28.2,5,synthetic
2025-01-19,SOL-DEMO,Solapur Demonstration,domestic,416.1,30.7,6,synthetic
2025-01-20,SOL-DEMO,Solapur Demonstration,domestic,424.1,29.9,0,synthetic
2025-01-21,SOL-DEMO,Solapur Demonstration,domestic,430.6,29.5,1,synthetic
2025-01-22,SOL-DEMO,Solapur Demonstration,domestic,426.9,31.2,2,synthetic
2025-01-23,SOL-DEMO,Solapur Demonstration,domestic,429.6,31.4,3,synthetic
2025-01-24,SOL-DEMO,Solapur Demonstration,domestic,432.3,30.8,4,synthetic
2025-01-25,SOL-DEMO,Solapur Demonstration,domestic,416.1,30.3,5,synthetic
2025-01-26,SOL-DEMO,Solapur Demonstration,domestic,420.6,29.3,6,synthetic
2025-01-27,SOL-DEMO,Solapur Demonstration,domestic,419.0,29.7,0,synthetic
2025-01-28,SOL-DEMO,Solapur Demonstration,domestic,419.5,29.9,1,synthetic
2025-01-29,SOL-DEMO,Solapur Demonstration,domestic,424.0,30.4,2,synthetic
2025-01-30,SOL-DEMO,Solapur Demonstration,domestic,421.7,30.3,3,synthetic
2025-01-31,SOL-DEMO,Solapur Demonstration,domestic,424.9,31.1,4,synthetic
2025-02-01,SOL-DEMO,Solapur Demonstration,domestic,417.9,30.7,5,synthetic
2025-02-02,SOL-DEMO,Solapur Demonstration,domestic,422.6,29.3,6,synthetic
2025-02-03,SOL-DEMO,Solapur Demonstration,domestic,434.1,32.0,0,synthetic
2025-02-04,SOL-DEMO,Solapur Demonstration,domestic,424.2,30.8,1,synthetic
2025-02-05,SOL-DEMO,Solapur Demonstration,domestic,423.9,30.1,2,synthetic
2025-02-06,SOL-DEMO,Solapur Demonstration,domestic,423.1,31.1,3,synthetic
2025-02-07,SOL-DEMO,Solapur Demonstration,domestic,427.7,31.5,4,synthetic
2025-02-08,SOL-DEMO,Solapur Demonstration,domestic,420.7,29.2,5,synthetic
2025-02-09,SOL-DEMO,Solapur Demonstration,domestic,412.7,31.8,6,synthetic
2025-02-10,SOL-DEMO,Solapur Demonstration,domestic,429.7,31.2,0,synthetic
2025-02-11,SOL-DEMO,Solapur Demonstration,domestic,432.9,31.4,1,synthetic
2025-02-12,SOL-DEMO,Solapur Demonstration,domestic,419.0,29.3,2,synthetic
2025-02-13,SOL-DEMO,Solapur Demonstration,domestic,433.8,31.5,3,synthetic
2025-02-14,SOL-DEMO,Solapur Demonstration,domestic,428.0,32.3,4,synthetic
2025-02-15,SOL-DEMO,Solapur Demonstration,domestic,420.7,31.7,5,synthetic
2025-02-16,SOL-DEMO,Solapur Demonstration,domestic,429.9,32.1,6,synthetic
2025-02-17,SOL-DEMO,Solapur Demonstration,domestic,425.7,28.2,0,synthetic
2025-02-18,SOL-DEMO,Solapur Demonstration,domestic,432.8,30.0,1,synthetic
2025-02-19,SOL-DEMO,Solapur Demonstration,domestic,421.8,31.4,2,synthetic
2025-02-20,SOL-DEMO,Solapur Demonstration,domestic,432.5,29.7,3,synthetic
2025-02-21,SOL-DEMO,Solapur Demonstration,domestic,426.9,30.4,4,synthetic
2025-02-22,SOL-DEMO,Solapur Demonstration,domestic,415.5,30.7,5,synthetic
2025-02-23,SOL-DEMO,Solapur Demonstration,domestic,427.5,28.9,6,synthetic
2025-02-24,SOL-DEMO,Solapur Demonstration,domestic,437.1,31.9,0,synthetic
2025-02-25,SOL-DEMO,Solapur Demonstration,domestic,424.7,31.9,1,synthetic
2025-02-26,SOL-DEMO,Solapur Demonstration,domestic,425.9,29.4,2,synthetic
2025-02-27,SOL-DEMO,Solapur Demonstration,domestic,430.1,31.1,3,synthetic
2025-02-28,SOL-DEMO,Solapur Demonstration,domestic,427.7,31.1,4,synthetic
2025-03-01,SOL-DEMO,Solapur Demonstration,domestic,418.5,30.0,5,synthetic
2025-03-02,SOL-DEMO,Solapur Demonstration,domestic,420.3,32.8,6,synthetic
2025-03-03,SOL-DEMO,Solapur Demonstration,domestic,437.7,31.6,0,synthetic
2025-03-04,SOL-DEMO,Solapur Demonstration,domestic,432.3,31.7,1,synthetic
2025-03-05,SOL-DEMO,Solapur Demonstration,domestic,423.4,31.7,2,synthetic
2025-03-06,SOL-DEMO,Solapur Demonstration,domestic,421.5,32.4,3,synthetic
2025-03-07,SOL-DEMO,Solapur Demonstration,domestic,416.8,29.6,4,synthetic
2025-03-08,SOL-DEMO,Solapur Demonstration,domestic,410.4,29.6,5,synthetic
2025-03-09,SOL-DEMO,Solapur Demonstration,domestic,418.1,29.7,6,synthetic
2025-03-10,SOL-DEMO,Solapur Demonstration,domestic,426.5,29.3,0,synthetic
2025-03-11,SOL-DEMO,Solapur Demonstration,domestic,427.2,31.5,1,synthetic
2025-03-12,SOL-DEMO,Solapur Demonstration,domestic,430.8,31.2,2,synthetic
2025-03-13,SOL-DEMO,Solapur Demonstration,domestic,413.8,28.8,3,synthetic
2025-03-14,SOL-DEMO,Solapur Demonstration,domestic,437.0,30.7,4,synthetic
2025-03-15,SOL-DEMO,Solapur Demonstration,domestic,414.1,32.2,5,synthetic
2025-03-16,SOL-DEMO,Solapur Demonstration,domestic,411.1,28.8,6,synthetic
2025-03-17,SOL-DEMO,Solapur Demonstration,domestic,420.6,30.1,0,synthetic
2025-03-18,SOL-DEMO,Solapur Demonstration,domestic,425.4,29.8,1,synthetic
2025-03-19,SOL-DEMO,Solapur Demonstration,domestic,431.7,31.5,2,synthetic
2025-03-20,SOL-DEMO,Solapur Demonstration,domestic,431.9,30.2,3,synthetic
2025-03-21,SOL-DEMO,Solapur Demonstration,domestic,434.7,29.3,4,synthetic
2025-03-22,SOL-DEMO,Solapur Demonstration,domestic,412.3,30.7,5,synthetic
2025-03-23,SOL-DEMO,Solapur Demonstration,domestic,420.4,30.8,6,synthetic
2025-03-24,SOL-DEMO,Solapur Demonstration,domestic,420.5,31.0,0,synthetic
2025-03-25,SOL-DEMO,Solapur Demonstration,domestic,428.3,32.3,1,synthetic
2025-03-26,SOL-DEMO,Solapur Demonstration,domestic,417.5,29.2,2,synthetic
2025-03-27,SOL-DEMO,Solapur Demonstration,domestic,428.1,30.1,3,synthetic
2025-03-28,SOL-DEMO,Solapur Demonstration,domestic,417.4,28.8,4,synthetic
2025-03-29,SOL-DEMO,Solapur Demonstration,domestic,418.0,31.6,5,synthetic
2025-03-30,SOL-DEMO,Solapur Demonstration,domestic,423.0,29.2,6,synthetic
2025-03-31,SOL-DEMO,Solapur Demonstration,domestic,425.7,30.3,0,synthetic
2025-04-01,SOL-DEMO,Solapur Demonstration,domestic,428.0,30.0,1,synthetic
2025-04-02,SOL-DEMO,Solapur Demonstration,domestic,422.1,30.4,2,synthetic
2025-04-03,SOL-DEMO,Solapur Demonstration,domestic,426.7,30.1,3,synthetic
2025-04-04,SOL-DEMO,Solapur Demonstration,domestic,430.7,33.8,4,synthetic
2025-04-05,SOL-DEMO,Solapur Demonstration,domestic,417.6,30.0,5,synthetic
2025-04-06,SOL-DEMO,Solapur Demonstration,domestic,404.2,28.0,6,synthetic
2025-04-07,SOL-DEMO,Solapur Demonstration,domestic,430.1,30.9,0,synthetic
2025-04-08,SOL-DEMO,Solapur Demonstration,domestic,423.9,30.0,1,synthetic
2025-04-09,SOL-DEMO,Solapur Demonstration,domestic,418.9,31.0,2,synthetic
2025-04-10,SOL-DEMO,Solapur Demonstration,domestic,432.0,31.8,3,synthetic
2025-04-11,SOL-DEMO,Solapur Demonstration,domestic,427.6,29.9,4,synthetic
2025-04-12,SOL-DEMO,Solapur Demonstration,domestic,420.9,30.8,5,synthetic
2025-04-13,SOL-DEMO,Solapur Demonstration,domestic,415.9,28.9,6,synthetic
2025-04-14,SOL-DEMO,Solapur Demonstration,domestic,420.9,28.9,0,synthetic
2025-04-15,SOL-DEMO,Solapur Demonstration,domestic,430.6,30.9,1,synthetic
2025-04-16,SOL-DEMO,Solapur Demonstration,domestic,418.3,29.3,2,synthetic
2025-04-17,SOL-DEMO,Solapur Demonstration,domestic,423.1,31.1,3,synthetic
2025-04-18,SOL-DEMO,Solapur Demonstration,domestic,423.2,31.2,4,synthetic
2025-04-19,SOL-DEMO,Solapur Demonstration,domestic,414.6,30.4,5,synthetic
2025-04-20,SOL-DEMO,Solapur Demonstration,domestic,424.5,29.7,6,synthetic
2025-04-21,SOL-DEMO,Solapur Demonstration,domestic,422.2,30.5,0,synthetic
2025-04-22,SOL-DEMO,Solapur Demonstration,domestic,424.0,30.2,1,synthetic
2025-04-23,SOL-DEMO,Solapur Demonstration,domestic,423.8,33.6,2,synthetic
2025-04-24,SOL-DEMO,Solapur Demonstration,domestic,432.1,29.5,3,synthetic
2025-04-25,SOL-DEMO,Solapur Demonstration,domestic,426.1,29.4,4,synthetic
2025-04-26,SOL-DEMO,Solapur Demonstration,domestic,418.8,28.8,5,synthetic
2025-04-27,SOL-DEMO,Solapur Demonstration,domestic,409.2,30.3,6,synthetic
2025-04-28,SOL-DEMO,Solapur Demonstration,domestic,429.7,30.8,0,synthetic
2025-04-29,SOL-DEMO,Solapur Demonstration,domestic,427.6,29.4,1,synthetic
2025-04-30,SOL-DEMO,Solapur Demonstration,domestic,420.9,29.8,2,synthetic
2025-05-01,SOL-DEMO,Solapur Demonstration,domestic,418.6,30.1,3,synthetic
2025-05-02,SOL-DEMO,Solapur Demonstration,domestic,431.0,30.1,4,synthetic
2025-05-03,SOL-DEMO,Solapur Demonstration,domestic,417.4,32.1,5,synthetic
2025-05-04,SOL-DEMO,Solapur Demonstration,domestic,409.8,32.8,6,synthetic
2025-05-05,SOL-DEMO,Solapur Demonstration,domestic,436.3,30.0,0,synthetic
2025-05-06,SOL-DEMO,Solapur Demonstration,domestic,414.3,29.5,1,synthetic
2025-05-07,SOL-DEMO,Solapur Demonstration,domestic,423.5,31.8,2,synthetic
2025-05-08,SOL-DEMO,Solapur Demonstration,domestic,423.6,29.8,3,synthetic
2025-05-09,SOL-DEMO,Solapur Demonstration,domestic,420.8,29.5,4,synthetic
2025-05-10,SOL-DEMO,Solapur Demonstration,domestic,408.3,28.9,5,synthetic
2025-05-11,SOL-DEMO,Solapur Demonstration,domestic,423.1,30.5,6,synthetic
2025-05-12,SOL-DEMO,Solapur Demonstration,domestic,433.4,30.5,0,synthetic
2025-05-13,SOL-DEMO,Solapur Demonstration,domestic,428.9,30.9,1,synthetic
2025-05-14,SOL-DEMO,Solapur Demonstration,domestic,429.6,30.5,2,synthetic
2025-05-15,SOL-DEMO,Solapur Demonstration,domestic,423.3,31.9,3,synthetic
2025-05-16,SOL-DEMO,Solapur Demonstration,domestic,425.4,30.0,4,synthetic
2025-05-17,SOL-DEMO,Solapur Demonstration,domestic,423.8,32.3,5,synthetic
2025-05-18,SOL-DEMO,Solapur Demonstration,domestic,417.9,30.3,6,synthetic
2025-05-19,SOL-DEMO,Solapur Demonstration,domestic,432.6,31.3,0,synthetic
2025-05-20,SOL-DEMO,Solapur Demonstration,domestic,427.8,31.5,1,synthetic
2025-05-21,SOL-DEMO,Solapur Demonstration,domestic,419.3,29.4,2,synthetic
2025-05-22,SOL-DEMO,Solapur Demonstration,domestic,424.8,30.7,3,synthetic
2025-05-23,SOL-DEMO,Solapur Demonstration,domestic,423.2,30.8,4,synthetic
2025-05-24,SOL-DEMO,Solapur Demonstration,domestic,415.4,31.8,5,synthetic
2025-05-25,SOL-DEMO,Solapur Demonstration,domestic,419.2,29.6,6,synthetic
2025-05-26,SOL-DEMO,Solapur Demonstration,domestic,425.5,29.0,0,synthetic
2025-05-27,SOL-DEMO,Solapur Demonstration,domestic,428.6,30.0,1,synthetic
2025-05-28,SOL-DEMO,Solapur Demonstration,domestic,430.1,30.7,2,synthetic
2025-05-29,SOL-DEMO,Solapur Demonstration,domestic,428.6,29.4,3,synthetic
2025-05-30,SOL-DEMO,Solapur Demonstration,domestic,427.2,32.0,4,synthetic
2025-05-31,SOL-DEMO,Solapur Demonstration,domestic,413.6,28.2,5,synthetic
2025-06-01,SOL-DEMO,Solapur Demonstration,domestic,418.5,30.8,6,synthetic
2025-06-02,SOL-DEMO,Solapur Demonstration,domestic,431.8,29.7,0,synthetic
2025-06-03,SOL-DEMO,Solapur Demonstration,domestic,415.6,29.1,1,synthetic
2025-06-04,SOL-DEMO,Solapur Demonstration,domestic,416.9,28.7,2,synthetic
2025-06-05,SOL-DEMO,Solapur Demonstration,domestic,428.1,29.5,3,synthetic
2025-06-06,SOL-DEMO,Solapur Demonstration,domestic,421.9,29.9,4,synthetic
2025-06-07,SOL-DEMO,Solapur Demonstration,domestic,408.5,29.6,5,synthetic
2025-06-08,SOL-DEMO,Solapur Demonstration,domestic,415.7,29.1,6,synthetic
2025-06-09,SOL-DEMO,Solapur Demonstration,domestic,424.0,28.9,0,synthetic
2025-06-10,SOL-DEMO,Solapur Demonstration,domestic,426.5,28.2,1,synthetic
2025-06-11,SOL-DEMO,Solapur Demonstration,domestic,418.8,29.0,2,synthetic
2025-06-12,SOL-DEMO,Solapur Demonstration,domestic,420.5,30.0,3,synthetic
2025-06-13,SOL-DEMO,Solapur Demonstration,domestic,420.6,31.0,4,synthetic
2025-06-14,SOL-DEMO,Solapur Demonstration,domestic,414.8,30.2,5,synthetic
2025-06-15,SOL-DEMO,Solapur Demonstration,domestic,418.8,26.8,6,synthetic
2025-06-16,SOL-DEMO,Solapur Demonstration,domestic,422.6,28.3,0,synthetic
2025-06-17,SOL-DEMO,Solapur Demonstration,domestic,426.1,29.2,1,synthetic
2025-06-18,SOL-DEMO,Solapur Demonstration,domestic,422.2,29.7,2,synthetic
2025-06-19,SOL-DEMO,Solapur Demonstration,domestic,430.6,29.4,3,synthetic
2025-06-20,SOL-DEMO,Solapur Demonstration,domestic,424.2,31.0,4,synthetic
2025-06-21,SOL-DEMO,Solapur Demonstration,domestic,412.0,27.2,5,synthetic
2025-06-22,SOL-DEMO,Solapur Demonstration,domestic,420.3,27.0,6,synthetic
2025-06-23,SOL-DEMO,Solapur Demonstration,domestic,424.6,27.6,0,synthetic
2025-06-24,SOL-DEMO,Solapur Demonstration,domestic,423.6,30.1,1,synthetic
2025-06-25,SOL-DEMO,Solapur Demonstration,domestic,425.1,29.2,2,synthetic
2025-06-26,SOL-DEMO,Solapur Demonstration,domestic,421.8,30.5,3,synthetic
2025-06-27,SOL-DEMO,Solapur Demonstration,domestic,417.9,27.2,4,synthetic
2025-06-28,SOL-DEMO,Solapur Demonstration,domestic,417.1,28.2,5,synthetic
2025-06-29,SOL-DEMO,Solapur Demonstration,domestic,412.1,27.7,6,synthetic
2025-06-30,SOL-DEMO,Solapur Demonstration,domestic,420.9,27.9,0,synthetic
2025-07-01,SOL-DEMO,Solapur Demonstration,domestic,424.2,28.3,1,synthetic
2025-07-02,SOL-DEMO,Solapur Demonstration,domestic,420.4,26.8,2,synthetic
2025-07-03,SOL-DEMO,Solapur Demonstration,domestic,418.8,27.0,3,synthetic
2025-07-04,SOL-DEMO,Solapur Demonstration,domestic,412.9,27.7,4,synthetic
2025-07-05,SOL-DEMO,Solapur Demonstration,domestic,413.0,24.9,5,synthetic
2025-07-06,SOL-DEMO,Solapur Demonstration,domestic,427.4,28.4,6,synthetic
2025-07-07,SOL-DEMO,Solapur Demonstration,domestic,423.2,28.6,0,synthetic
2025-07-08,SOL-DEMO,Solapur Demonstration,domestic,420.0,27.2,1,synthetic
2025-07-09,SOL-DEMO,Solapur Demonstration,domestic,420.0,25.3,2,synthetic
2025-07-10,SOL-DEMO,Solapur Demonstration,domestic,419.4,26.3,3,synthetic
2025-07-11,SOL-DEMO,Solapur Demonstration,domestic,418.2,27.5,4,synthetic
2025-07-12,SOL-DEMO,Solapur Demonstration,domestic,416.1,27.3,5,synthetic
2025-07-13,SOL-DEMO,Solapur Demonstration,domestic,417.6,27.0,6,synthetic
2025-07-14,SOL-DEMO,Solapur Demonstration,domestic,416.6,27.1,0,synthetic
2025-07-15,SOL-DEMO,Solapur Demonstration,domestic,415.8,28.4,1,synthetic
2025-07-16,SOL-DEMO,Solapur Demonstration,domestic,424.6,28.8,2,synthetic
2025-07-17,SOL-DEMO,Solapur Demonstration,domestic,418.5,27.3,3,synthetic
2025-07-18,SOL-DEMO,Solapur Demonstration,domestic,428.9,27.3,4,synthetic
2025-07-19,SOL-DEMO,Solapur Demonstration,domestic,412.0,29.1,5,synthetic
2025-07-20,SOL-DEMO,Solapur Demonstration,domestic,403.3,24.1,6,synthetic
2025-07-21,SOL-DEMO,Solapur Demonstration,domestic,412.6,24.6,0,synthetic
2025-07-22,SOL-DEMO,Solapur Demonstration,domestic,418.5,27.2,1,synthetic
2025-07-23,SOL-DEMO,Solapur Demonstration,domestic,416.5,25.5,2,synthetic
2025-07-24,SOL-DEMO,Solapur Demonstration,domestic,437.0,28.8,3,synthetic
2025-07-25,SOL-DEMO,Solapur Demonstration,domestic,427.7,27.9,4,synthetic
2025-07-26,SOL-DEMO,Solapur Demonstration,domestic,415.0,25.5,5,synthetic
2025-07-27,SOL-DEMO,Solapur Demonstration,domestic,411.6,26.7,6,synthetic
2025-07-28,SOL-DEMO,Solapur Demonstration,domestic,425.3,27.9,0,synthetic
2025-07-29,SOL-DEMO,Solapur Demonstration,domestic,412.5,26.7,1,synthetic
2025-07-30,SOL-DEMO,Solapur Demonstration,domestic,421.1,27.1,2,synthetic
2025-07-31,SOL-DEMO,Solapur Demonstration,domestic,409.4,23.4,3,synthetic
2025-08-01,SOL-DEMO,Solapur Demonstration,domestic,417.2,24.2,4,synthetic
2025-08-02,SOL-DEMO,Solapur Demonstration,domestic,418.3,25.0,5,synthetic
2025-08-03,SOL-DEMO,Solapur Demonstration,domestic,397.6,24.3,6,synthetic
2025-08-04,SOL-DEMO,Solapur Demonstration,domestic,421.5,26.3,0,synthetic
2025-08-05,SOL-DEMO,Solapur Demonstration,domestic,400.8,24.7,1,synthetic
2025-08-06,SOL-DEMO,Solapur Demonstration,domestic,419.6,27.7,2,synthetic
2025-08-07,SOL-DEMO,Solapur Demonstration,domestic,418.7,28.4,3,synthetic
2025-08-08,SOL-DEMO,Solapur Demonstration,domestic,424.9,26.1,4,synthetic
2025-08-09,SOL-DEMO,Solapur Demonstration,domestic,417.4,23.5,5,synthetic
2025-08-10,SOL-DEMO,Solapur Demonstration,domestic,404.6,25.4,6,synthetic
2025-08-11,SOL-DEMO,Solapur Demonstration,domestic,417.5,23.9,0,synthetic
2025-08-12,SOL-DEMO,Solapur Demonstration,domestic,411.2,25.5,1,synthetic
2025-08-13,SOL-DEMO,Solapur Demonstration,domestic,420.0,27.5,2,synthetic
2025-08-14,SOL-DEMO,Solapur Demonstration,domestic,426.8,25.7,3,synthetic
2025-08-15,SOL-DEMO,Solapur Demonstration,domestic,419.1,24.6,4,synthetic
2025-08-16,SOL-DEMO,Solapur Demonstration,domestic,409.3,26.1,5,synthetic
2025-08-17,SOL-DEMO,Solapur Demonstration,domestic,414.5,26.7,6,synthetic
2025-08-18,SOL-DEMO,Solapur Demonstration,domestic,418.5,26.0,0,synthetic
2025-08-19,SOL-DEMO,Solapur Demonstration,domestic,426.8,26.5,1,synthetic
2025-08-20,SOL-DEMO,Solapur Demonstration,domestic,413.3,25.9,2,synthetic
2025-08-21,SOL-DEMO,Solapur Demonstration,domestic,424.1,26.1,3,synthetic
2025-08-22,SOL-DEMO,Solapur Demonstration,domestic,416.1,25.2,4,synthetic
2025-08-23,SOL-DEMO,Solapur Demonstration,domestic,414.0,26.6,5,synthetic
2025-08-24,SOL-DEMO,Solapur Demonstration,domestic,411.4,27.0,6,synthetic
2025-08-25,SOL-DEMO,Solapur Demonstration,domestic,420.4,26.6,0,synthetic
2025-08-26,SOL-DEMO,Solapur Demonstration,domestic,410.6,23.1,1,synthetic
2025-08-27,SOL-DEMO,Solapur Demonstration,domestic,417.1,25.9,2,synthetic
2025-08-28,SOL-DEMO,Solapur Demonstration,domestic,418.9,28.1,3,synthetic
2025-08-29,SOL-DEMO,Solapur Demonstration,domestic,422.1,25.4,4,synthetic
2025-08-30,SOL-DEMO,Solapur Demonstration,domestic,402.4,23.9,5,synthetic
2025-08-31,SOL-DEMO,Solapur Demonstration,domestic,406.0,25.0,6,synthetic
2025-09-01,SOL-DEMO,Solapur Demonstration,domestic,408.0,24.3,0,synthetic
2025-09-02,SOL-DEMO,Solapur Demonstration,domestic,419.0,24.9,1,synthetic
2025-09-03,SOL-DEMO,Solapur Demonstration,domestic,420.2,25.8,2,synthetic
2025-09-04,SOL-DEMO,Solapur Demonstration,domestic,416.6,25.6,3,synthetic
2025-09-05,SOL-DEMO,Solapur Demonstration,domestic,411.3,25.8,4,synthetic
2025-09-06,SOL-DEMO,Solapur Demonstration,domestic,408.5,23.1,5,synthetic
2025-09-07,SOL-DEMO,Solapur Demonstration,domestic,415.5,25.0,6,synthetic
2025-09-08,SOL-DEMO,Solapur Demonstration,domestic,413.1,25.4,0,synthetic
2025-09-09,SOL-DEMO,Solapur Demonstration,domestic,418.8,26.6,1,synthetic
2025-09-10,SOL-DEMO,Solapur Demonstration,domestic,413.9,25.8,2,synthetic
2025-09-11,SOL-DEMO,Solapur Demonstration,domestic,424.4,25.5,3,synthetic
2025-09-12,SOL-DEMO,Solapur Demonstration,domestic,412.9,26.5,4,synthetic
2025-09-13,SOL-DEMO,Solapur Demonstration,domestic,410.5,24.7,5,synthetic
2025-09-14,SOL-DEMO,Solapur Demonstration,domestic,413.8,25.7,6,synthetic
2025-09-15,SOL-DEMO,Solapur Demonstration,domestic,415.5,26.0,0,synthetic
2025-09-16,SOL-DEMO,Solapur Demonstration,domestic,424.5,27.7,1,synthetic
2025-09-17,SOL-DEMO,Solapur Demonstration,domestic,430.6,26.2,2,synthetic
2025-09-18,SOL-DEMO,Solapur Demonstration,domestic,421.4,25.9,3,synthetic
2025-09-19,SOL-DEMO,Solapur Demonstration,domestic,420.0,27.8,4,synthetic
2025-09-20,SOL-DEMO,Solapur Demonstration,domestic,409.6,26.7,5,synthetic
2025-09-21,SOL-DEMO,Solapur Demonstration,domestic,409.2,28.4,6,synthetic
2025-09-22,SOL-DEMO,Solapur Demonstration,domestic,406.6,25.3,0,synthetic
2025-09-23,SOL-DEMO,Solapur Demonstration,domestic,417.8,26.6,1,synthetic
2025-09-24,SOL-DEMO,Solapur Demonstration,domestic,418.4,26.4,2,synthetic
2025-09-25,SOL-DEMO,Solapur Demonstration,domestic,429.6,25.5,3,synthetic
2025-09-26,SOL-DEMO,Solapur Demonstration,domestic,422.9,26.2,4,synthetic
2025-09-27,SOL-DEMO,Solapur Demonstration,domestic,416.1,26.8,5,synthetic
2025-09-28,SOL-DEMO,Solapur Demonstration,domestic,417.4,25.2,6,synthetic
2025-09-29,SOL-DEMO,Solapur Demonstration,domestic,421.9,28.6,0,synthetic
2025-09-30,SOL-DEMO,Solapur Demonstration,domestic,419.0,26.1,1,synthetic
2025-10-01,SOL-DEMO,Solapur Demonstration,domestic,415.5,27.5,2,synthetic
2025-10-02,SOL-DEMO,Solapur Demonstration,domestic,418.4,28.6,3,synthetic
2025-10-03,SOL-DEMO,Solapur Demonstration,domestic,420.1,28.2,4,synthetic
2025-10-04,SOL-DEMO,Solapur Demonstration,domestic,414.9,27.1,5,synthetic
2025-10-05,SOL-DEMO,Solapur Demonstration,domestic,420.6,26.0,6,synthetic
2025-10-06,SOL-DEMO,Solapur Demonstration,domestic,417.8,25.0,0,synthetic
2025-10-07,SOL-DEMO,Solapur Demonstration,domestic,423.6,26.7,1,synthetic
2025-10-08,SOL-DEMO,Solapur Demonstration,domestic,416.5,26.9,2,synthetic
2025-10-09,SOL-DEMO,Solapur Demonstration,domestic,420.1,27.7,3,synthetic
2025-10-10,SOL-DEMO,Solapur Demonstration,domestic,418.9,26.7,4,synthetic
2025-10-11,SOL-DEMO,Solapur Demonstration,domestic,413.5,26.6,5,synthetic
2025-10-12,SOL-DEMO,Solapur Demonstration,domestic,408.3,27.0,6,synthetic
2025-10-13,SOL-DEMO,Solapur Demonstration,domestic,420.1,28.3,0,synthetic
2025-10-14,SOL-DEMO,Solapur Demonstration,domestic,426.2,25.7,1,synthetic
2025-10-15,SOL-DEMO,Solapur Demonstration,domestic,422.7,28.4,2,synthetic
2025-10-16,SOL-DEMO,Solapur Demonstration,domestic,416.4,29.2,3,synthetic
2025-10-17,SOL-DEMO,Solapur Demonstration,domestic,425.3,28.0,4,synthetic
2025-10-18,SOL-DEMO,Solapur Demonstration,domestic,414.7,27.0,5,synthetic
2025-10-19,SOL-DEMO,Solapur Demonstration,domestic,411.2,26.9,6,synthetic
2025-10-20,SOL-DEMO,Solapur Demonstration,domestic,422.6,27.2,0,synthetic
2025-10-21,SOL-DEMO,Solapur Demonstration,domestic,425.7,27.7,1,synthetic
2025-10-22,SOL-DEMO,Solapur Demonstration,domestic,418.6,25.8,2,synthetic
2025-10-23,SOL-DEMO,Solapur Demonstration,domestic,426.6,29.9,3,synthetic
2025-10-24,SOL-DEMO,Solapur Demonstration,domestic,413.7,26.7,4,synthetic
2025-10-25,SOL-DEMO,Solapur Demonstration,domestic,412.6,29.4,5,synthetic
2025-10-26,SOL-DEMO,Solapur Demonstration,domestic,408.0,27.7,6,synthetic
2025-10-27,SOL-DEMO,Solapur Demonstration,domestic,432.2,29.4,0,synthetic
2025-10-28,SOL-DEMO,Solapur Demonstration,domestic,433.9,30.3,1,synthetic
2025-10-29,SOL-DEMO,Solapur Demonstration,domestic,418.1,28.1,2,synthetic
2025-10-30,SOL-DEMO,Solapur Demonstration,domestic,413.0,26.9,3,synthetic
2025-10-31,SOL-DEMO,Solapur Demonstration,domestic,422.3,29.5,4,synthetic
2025-11-01,SOL-DEMO,Solapur Demonstration,domestic,415.0,27.7,5,synthetic
2025-11-02,SOL-DEMO,Solapur Demonstration,domestic,411.6,30.3,6,synthetic
2025-11-03,SOL-DEMO,Solapur Demonstration,domestic,424.2,29.5,0,synthetic
2025-11-04,SOL-DEMO,Solapur Demonstration,domestic,424.0,30.8,1,synthetic
2025-11-05,SOL-DEMO,Solapur Demonstration,domestic,428.9,27.8,2,synthetic
2025-11-06,SOL-DEMO,Solapur Demonstration,domestic,418.5,29.8,3,synthetic
2025-11-07,SOL-DEMO,Solapur Demonstration,domestic,417.7,30.6,4,synthetic
2025-11-08,SOL-DEMO,Solapur Demonstration,domestic,406.1,29.0,5,synthetic
2025-11-09,SOL-DEMO,Solapur Demonstration,domestic,410.1,30.1,6,synthetic
2025-11-10,SOL-DEMO,Solapur Demonstration,domestic,429.7,29.1,0,synthetic
2025-11-11,SOL-DEMO,Solapur Demonstration,domestic,427.4,30.3,1,synthetic
2025-11-12,SOL-DEMO,Solapur Demonstration,domestic,420.5,30.5,2,synthetic
2025-11-13,SOL-DEMO,Solapur Demonstration,domestic,417.7,28.9,3,synthetic
2025-11-14,SOL-DEMO,Solapur Demonstration,domestic,424.8,29.4,4,synthetic
2025-11-15,SOL-DEMO,Solapur Demonstration,domestic,420.7,30.6,5,synthetic
2025-11-16,SOL-DEMO,Solapur Demonstration,domestic,410.6,31.0,6,synthetic
2025-11-17,SOL-DEMO,Solapur Demonstration,domestic,420.2,28.8,0,synthetic
2025-11-18,SOL-DEMO,Solapur Demonstration,domestic,424.5,31.3,1,synthetic
2025-11-19,SOL-DEMO,Solapur Demonstration,domestic,433.1,29.9,2,synthetic
2025-11-20,SOL-DEMO,Solapur Demonstration,domestic,414.8,28.4,3,synthetic
2025-11-21,SOL-DEMO,Solapur Demonstration,domestic,411.8,29.7,4,synthetic
2025-11-22,SOL-DEMO,Solapur Demonstration,domestic,415.4,31.1,5,synthetic
2025-11-23,SOL-DEMO,Solapur Demonstration,domestic,412.3,29.3,6,synthetic
2025-11-24,SOL-DEMO,Solapur Demonstration,domestic,430.4,31.3,0,synthetic
2025-11-25,SOL-DEMO,Solapur Demonstration,domestic,417.3,28.9,1,synthetic
2025-11-26,SOL-DEMO,Solapur Demonstration,domestic,435.4,31.1,2,synthetic
2025-11-27,SOL-DEMO,Solapur Demonstration,domestic,426.5,29.2,3,synthetic
2025-11-28,SOL-DEMO,Solapur Demonstration,domestic,424.2,29.2,4,synthetic
2025-11-29,SOL-DEMO,Solapur Demonstration,domestic,417.8,29.3,5,synthetic
2025-11-30,SOL-DEMO,Solapur Demonstration,domestic,407.4,30.7,6,synthetic
2025-12-01,SOL-DEMO,Solapur Demonstration,domestic,421.3,29.6,0,synthetic
2025-12-02,SOL-DEMO,Solapur Demonstration,domestic,429.6,30.9,1,synthetic
2025-12-03,SOL-DEMO,Solapur Demonstration,domestic,421.9,31.3,2,synthetic
2025-12-04,SOL-DEMO,Solapur Demonstration,domestic,441.1,32.5,3,synthetic
2025-12-05,SOL-DEMO,Solapur Demonstration,domestic,427.4,30.5,4,synthetic
2025-12-06,SOL-DEMO,Solapur Demonstration,domestic,414.6,31.6,5,synthetic
2025-12-07,SOL-DEMO,Solapur Demonstration,domestic,412.0,29.6,6,synthetic
2025-12-08,SOL-DEMO,Solapur Demonstration,domestic,421.2,30.9,0,synthetic
2025-12-09,SOL-DEMO,Solapur Demonstration,domestic,425.2,29.7,1,synthetic
2025-12-10,SOL-DEMO,Solapur Demonstration,domestic,439.4,31.5,2,synthetic
2025-12-11,SOL-DEMO,Solapur Demonstration,domestic,417.1,30.4,3,synthetic
2025-12-12,SOL-DEMO,Solapur Demonstration,domestic,428.5,30.4,4,synthetic
2025-12-13,SOL-DEMO,Solapur Demonstration,domestic,418.4,29.0,5,synthetic
2025-12-14,SOL-DEMO,Solapur Demonstration,domestic,412.6,32.0,6,synthetic
2025-12-15,SOL-DEMO,Solapur Demonstration,domestic,423.0,30.5,0,synthetic
2025-12-16,SOL-DEMO,Solapur Demonstration,domestic,420.5,28.9,1,synthetic
2025-12-17,SOL-DEMO,Solapur Demonstration,domestic,432.6,31.1,2,synthetic
2025-12-18,SOL-DEMO,Solapur Demonstration,domestic,428.2,32.3,3,synthetic
2025-12-19,SOL-DEMO,Solapur Demonstration,domestic,423.1,31.1,4,synthetic
2025-12-20,SOL-DEMO,Solapur Demonstration,domestic,409.4,30.8,5,synthetic
2025-12-21,SOL-DEMO,Solapur Demonstration,domestic,414.7,29.3,6,synthetic
2025-12-22,SOL-DEMO,Solapur Demonstration,domestic,422.0,29.6,0,synthetic
2025-12-23,SOL-DEMO,Solapur Demonstration,domestic,425.3,30.7,1,synthetic
2025-12-24,SOL-DEMO,Solapur Demonstration,domestic,417.7,31.4,2,synthetic
2025-12-25,SOL-DEMO,Solapur Demonstration,domestic,424.6,32.6,3,synthetic
2025-12-26,SOL-DEMO,Solapur Demonstration,domestic,422.2,32.0,4,synthetic
2025-12-27,SOL-DEMO,Solapur Demonstration,domestic,430.0,32.4,5,synthetic
2025-12-28,SOL-DEMO,Solapur Demonstration,domestic,422.1,32.7,6,synthetic
2025-12-29,SOL-DEMO,Solapur Demonstration,domestic,426.2,30.3,0,synthetic
2025-12-30,SOL-DEMO,Solapur Demonstration,domestic,426.7,29.0,1,synthetic
