date,reservoir_id,reservoir_name,storage_pct,capacity_mcm,inflow_mcm,outflow_mcm,quality_flag
2024-01-01,UJANI-DEMO-001,Ujani Demonstration,66.1,100.0,20.73,11.27,synthetic
2024-01-02,UJANI-DEMO-001,Ujani Demonstration,63.3,100.0,0,12.47,synthetic
2024-01-03,UJANI-DEMO-001,Ujani Demonstration,61.8,100.0,7.1,14.12,synthetic
2024-01-04,UJANI-DEMO-001,Ujani Demonstration,59.8,100.0,4.21,13.22,synthetic
2024-01-05,UJANI-DEMO-001,Ujani Demonstration,57.6,100.0,3.11,13.08,synthetic
2024-01-06,UJANI-DEMO-001,Ujani Demonstration,58.0,100.0,14.22,12.53,synthetic
2024-01-07,UJANI-DEMO-001,Ujani Demonstration,58.7,100.0,15.4,12.08,synthetic
2024-01-08,UJANI-DEMO-001,Ujani Demonstration,56.3,100.0,1.99,12.82,synthetic
2024-01-09,UJANI-DEMO-001,Ujani Demonstration,55.7,100.0,9.79,12.54,synthetic
2024-01-10,UJANI-DEMO-001,Ujani Demonstration,55.7,100.0,12.32,12.58,synthetic
2024-01-11,UJANI-DEMO-001,Ujani Demonstration,57.8,100.0,22.01,12.38,synthetic
2024-01-12,UJANI-DEMO-001,Ujani Demonstration,56.0,100.0,4.58,12.52,synthetic
2024-01-13,UJANI-DEMO-001,Ujani Demonstration,53.9,100.0,2.11,11.9,synthetic
2024-01-14,UJANI-DEMO-001,Ujani Demonstration,54.3,100.0,14.45,12.48,synthetic
2024-01-15,UJANI-DEMO-001,Ujani Demonstration,53.4,100.0,7.69,12.07,synthetic
2024-01-16,UJANI-DEMO-001,Ujani Demonstration,51.8,100.0,4.8,11.96,synthetic
2024-01-17,UJANI-DEMO-001,Ujani Demonstration,50.5,100.0,5.35,11.19,synthetic
2024-01-18,UJANI-DEMO-001,Ujani Demonstration,52.6,100.0,20.42,11.1,synthetic
2024-01-19,UJANI-DEMO-001,Ujani Demonstration,50.4,100.0,1.17,10.97,synthetic
2024-01-20,UJANI-DEMO-001,Ujani Demonstration,48.2,100.0,0.92,10.93,synthetic
2024-01-21,UJANI-DEMO-001,Ujani Demonstration,45.6,100.0,1.44,13.06,synthetic
2024-01-22,UJANI-DEMO-001,Ujani Demonstration,47.8,100.0,21.43,11.72,synthetic
2024-01-23,UJANI-DEMO-001,Ujani Demonstration,47.8,100.0,13.0,12.97,synthetic
2024-01-24,UJANI-DEMO-001,Ujani Demonstration,48.7,100.0,16.73,12.54,synthetic
2024-01-25,UJANI-DEMO-001,Ujani Demonstration,47.6,100.0,8.55,13.48,synthetic
2024-01-26,UJANI-DEMO-001,Ujani Demonstration,50.5,100.0,24.46,11.49,synthetic
2024-01-27,UJANI-DEMO-001,Ujani Demonstration,51.2,100.0,15.93,12.62,synthetic
2024-01-28,UJANI-DEMO-001,Ujani Demonstration,49.4,100.0,2.86,11.13,synthetic
2024-01-29,UJANI-DEMO-001,Ujani Demonstration,48.8,100.0,9.29,12.1,synthetic
2024-01-30,UJANI-DEMO-001,Ujani Demonstration,49.6,100.0,15.14,11.35,synthetic
2024-01-31,UJANI-DEMO-001,Ujani Demonstration,47.5,100.0,3.1,12.78,synthetic
2024-02-01,UJANI-DEMO-001,Ujani Demonstration,50.6,100.0,26.2,11.8,synthetic
2024-02-02,UJANI-DEMO-001,Ujani Demonstration,50.3,100.0,9.83,11.48,synthetic
2024-02-03,UJANI-DEMO-001,Ujani Demonstration,49.0,100.0,6.37,12.31,synthetic
2024-02-04,UJANI-DEMO-001,Ujani Demonstration,46.7,100.0,1.47,11.92,synthetic
2024-02-05,UJANI-DEMO-001,Ujani Demonstration,44.9,100.0,5.27,13.22,synthetic
2024-02-06,UJANI-DEMO-001,Ujani Demonstration,45.4,100.0,13.84,11.54,synthetic
2024-02-07,UJANI-DEMO-001,Ujani Demonstration,45.1,100.0,9.6,11.09,synthetic
2024-02-08,UJANI-DEMO-001,Ujani Demonstration,43.5,100.0,4.6,11.83,synthetic
2024-02-09,UJANI-DEMO-001,Ujani Demonstration,40.9,100.0,0.05,12.04,synthetic
2024-02-10,UJANI-DEMO-001,Ujani Demonstration,41.1,100.0,12.58,11.53,synthetic
2024-02-11,UJANI-DEMO-001,Ujani Demonstration,39.4,100.0,3.85,11.45,synthetic
2024-02-12,UJANI-DEMO-001,Ujani Demonstration,39.0,100.0,8.99,11.11,synthetic
2024-02-13,UJANI-DEMO-001,Ujani Demonstration,36.5,100.0,0,11.08,synthetic
2024-02-14,UJANI-DEMO-001,Ujani Demonstration,34.3,100.0,1.84,12.0,synthetic
2024-02-15,UJANI-DEMO-001,Ujani Demonstration,35.4,100.0,17.04,12.2,synthetic
2024-02-16,UJANI-DEMO-001,Ujani Demonstration,33.2,100.0,1.17,11.06,synthetic
2024-02-17,UJANI-DEMO-001,Ujani Demonstration,30.9,100.0,2.67,13.24,synthetic
2024-02-18,UJANI-DEMO-001,Ujani Demonstration,30.1,100.0,9.35,12.84,synthetic
2024-02-19,UJANI-DEMO-001,Ujani Demonstration,29.5,100.0,8.48,11.33,synthetic
2024-02-20,UJANI-DEMO-001,Ujani Demonstration,29.0,100.0,11.11,13.28,synthetic
2024-02-21,UJANI-DEMO-001,Ujani Demonstration,26.8,100.0,2.62,12.39,synthetic
2024-02-22,UJANI-DEMO-001,Ujani Demonstration,29.5,100.0,24.04,12.09,synthetic
2024-02-23,UJANI-DEMO-001,Ujani Demonstration,29.6,100.0,12.37,11.79,synthetic
2024-02-24,UJANI-DEMO-001,Ujani Demonstration,28.7,100.0,7.62,11.45,synthetic
2024-02-25,UJANI-DEMO-001,Ujani Demonstration,26.2,100.0,0.89,12.24,synthetic
2024-02-26,UJANI-DEMO-001,Ujani Demonstration,24.9,100.0,6.82,12.98,synthetic
2024-02-27,UJANI-DEMO-001,Ujani Demonstration,24,100.0,4.45,12.83,synthetic
2024-02-28,UJANI-DEMO-001,Ujani Demonstration,24,100.0,3.39,12.61,synthetic
2024-02-29,UJANI-DEMO-001,Ujani Demonstration,24,100.0,0.22,12.33,synthetic
2024-03-01,UJANI-DEMO-001,Ujani Demonstration,28.7,100.0,32.2,10.96,synthetic
2024-03-02,UJANI-DEMO-001,Ujani Demonstration,28.2,100.0,9.47,11.56,synthetic
2024-03-03,UJANI-DEMO-001,Ujani Demonstration,26.0,100.0,2.24,12.22,synthetic
2024-03-04,UJANI-DEMO-001,Ujani Demonstration,24,100.0,4.58,14.03,synthetic
2024-03-05,UJANI-DEMO-001,Ujani Demonstration,24,100.0,10.86,11.38,synthetic
2024-03-06,UJANI-DEMO-001,Ujani Demonstration,24,100.0,7.84,12.42,synthetic
2024-03-07,UJANI-DEMO-001,Ujani Demonstration,24,100.0,11.34,12.29,synthetic
2024-03-08,UJANI-DEMO-001,Ujani Demonstration,24,100.0,8.01,12.6,synthetic
2024-03-09,UJANI-DEMO-001,Ujani Demonstration,24,100.0,3.38,12.85,synthetic
2024-03-10,UJANI-DEMO-001,Ujani Demonstration,24,100.0,3.54,13.02,synthetic
2024-03-11,UJANI-DEMO-001,Ujani Demonstration,24,100.0,3.1,12.26,synthetic
2024-03-12,UJANI-DEMO-001,Ujani Demonstration,24,100.0,3.57,12.58,synthetic
2024-03-13,UJANI-DEMO-001,Ujani Demonstration,24,100.0,9.69,12.24,synthetic
2024-03-14,UJANI-DEMO-001,Ujani Demonstration,26.4,100.0,23.98,13.16,synthetic
2024-03-15,UJANI-DEMO-001,Ujani Demonstration,25.9,100.0,11.22,13.34,synthetic
2024-03-16,UJANI-DEMO-001,Ujani Demonstration,25.8,100.0,11.17,11.78,synthetic
2024-03-17,UJANI-DEMO-001,Ujani Demonstration,24,100.0,2.09,11.13,synthetic
2024-03-18,UJANI-DEMO-001,Ujani Demonstration,24,100.0,0,11.55,synthetic
2024-03-19,UJANI-DEMO-001,Ujani Demonstration,24,100.0,2.15,12.81,synthetic
2024-03-20,UJANI-DEMO-001,Ujani Demonstration,24,100.0,8.23,12.23,synthetic
2024-03-21,UJANI-DEMO-001,Ujani Demonstration,24,100.0,6.75,11.91,synthetic
2024-03-22,UJANI-DEMO-001,Ujani Demonstration,24,100.0,0.22,13.37,synthetic
2024-03-23,UJANI-DEMO-001,Ujani Demonstration,24,100.0,1.77,12.14,synthetic
2024-03-24,UJANI-DEMO-001,Ujani Demonstration,24.5,100.0,15.42,13.27,synthetic
2024-03-25,UJANI-DEMO-001,Ujani Demonstration,27.4,100.0,25.37,12.2,synthetic
2024-03-26,UJANI-DEMO-001,Ujani Demonstration,28.5,100.0,17.82,12.55,synthetic
2024-03-27,UJANI-DEMO-001,Ujani Demonstration,25.8,100.0,2.02,14.34,synthetic
2024-03-28,UJANI-DEMO-001,Ujani Demonstration,28.5,100.0,24.73,12.35,synthetic
2024-03-29,UJANI-DEMO-001,Ujani Demonstration,27.5,100.0,6.85,11.65,synthetic
2024-03-30,UJANI-DEMO-001,Ujani Demonstration,26.1,100.0,4.06,10.38,synthetic
2024-03-31,UJANI-DEMO-001,Ujani Demonstration,24.7,100.0,5.24,11.75,synthetic
2024-04-01,UJANI-DEMO-001,Ujani Demonstration,24,100.0,3.63,11.0,synthetic
2024-04-02,UJANI-DEMO-001,Ujani Demonstration,24,100.0,4.76,12.21,synthetic
2024-04-03,UJANI-DEMO-001,Ujani Demonstration,24.2,100.0,11.21,10.08,synthetic
2024-04-04,UJANI-DEMO-001,Ujani Demonstration,24,100.0,4.38,11.8,synthetic
2024-04-05,UJANI-DEMO-001,Ujani Demonstration,24,100.0,7.64,11.35,synthetic
2024-04-06,UJANI-DEMO-001,Ujani Demonstration,24,100.0,0,12.86,synthetic
2024-04-07,UJANI-DEMO-001,Ujani Demonstration,24,100.0,1.18,13.66,synthetic
2024-04-08,UJANI-DEMO-001,Ujani Demonstration,24,100.0,2.99,12.88,synthetic
2024-04-09,UJANI-DEMO-001,Ujani Demonstration,24,100.0,1.61,11.92,synthetic
2024-04-10,UJANI-DEMO-001,Ujani Demonstration,24,100.0,10.21,12.68,synthetic
2024-04-11,UJANI-DEMO-001,Ujani Demonstration,24.4,100.0,13.5,11.62,synthetic
2024-04-12,UJANI-DEMO-001,Ujani Demonstration,24.1,100.0,11.21,12.8,synthetic
2024-04-13,UJANI-DEMO-001,Ujani Demonstration,25.3,100.0,17.55,12.1,synthetic
2024-04-14,UJANI-DEMO-001,Ujani Demonstration,25.1,100.0,12.59,13.36,synthetic
2024-04-15,UJANI-DEMO-001,Ujani Demonstration,24,100.0,5.56,12.34,synthetic
2024-04-16,UJANI-DEMO-001,Ujani Demonstration,25.7,100.0,19.65,11.72,synthetic
2024-04-17,UJANI-DEMO-001,Ujani Demonstration,24.6,100.0,8.68,13.86,synthetic
2024-04-18,UJANI-DEMO-001,Ujani Demonstration,24,100.0,4.8,13.27,synthetic
2024-04-19,UJANI-DEMO-001,Ujani Demonstration,24,100.0,2.48,12.17,synthetic
2024-04-20,UJANI-DEMO-001,Ujani Demonstration,24.7,100.0,14.78,11.56,synthetic
2024-04-21,UJANI-DEMO-001,Ujani Demonstration,24,100.0,1.5,13.3,synthetic
2024-04-22,UJANI-DEMO-001,Ujani Demonstration,24,100.0,7.46,13.3,synthetic
2024-04-23,UJANI-DEMO-001,Ujani Demonstration,24.6,100.0,15.77,13.07,synthetic
2024-04-24,UJANI-DEMO-001,Ujani Demonstration,24,100.0,8.75,11.84,synthetic
2024-04-25,UJANI-DEMO-001,Ujani Demonstration,24.8,100.0,15.48,11.96,synthetic
2024-04-26,UJANI-DEMO-001,Ujani Demonstration,24,100.0,2.03,12.79,synthetic
2024-04-27,UJANI-DEMO-001,Ujani Demonstration,24,100.0,8.85,12.51,synthetic
2024-04-28,UJANI-DEMO-001,Ujani Demonstration,24,100.0,3.31,11.8,synthetic
2024-04-29,UJANI-DEMO-001,Ujani Demonstration,24,100.0,2.45,12.76,synthetic
2024-04-30,UJANI-DEMO-001,Ujani Demonstration,24.9,100.0,15.57,11.32,synthetic
2024-05-01,UJANI-DEMO-001,Ujani Demonstration,26.1,100.0,18.28,12.79,synthetic
2024-05-02,UJANI-DEMO-001,Ujani Demonstration,25.5,100.0,8.58,11.33,synthetic
2024-05-03,UJANI-DEMO-001,Ujani Demonstration,24.9,100.0,9.8,12.65,synthetic
2024-05-04,UJANI-DEMO-001,Ujani Demonstration,24,100.0,4.99,12.96,synthetic
2024-05-05,UJANI-DEMO-001,Ujani Demonstration,24.1,100.0,13.03,12.35,synthetic
2024-05-06,UJANI-DEMO-001,Ujani Demonstration,26.2,100.0,20.67,11.39,synthetic
2024-05-07,UJANI-DEMO-001,Ujani Demonstration,24.1,100.0,4.25,13.56,synthetic
2024-05-08,UJANI-DEMO-001,Ujani Demonstration,24,100.0,3.43,12.2,synthetic
2024-05-09,UJANI-DEMO-001,Ujani Demonstration,24,100.0,7.59,12.8,synthetic
2024-05-10,UJANI-DEMO-001,Ujani Demonstration,24,100.0,7.19,13.99,synthetic
2024-05-11,UJANI-DEMO-001,Ujani Demonstration,24,100.0,2.58,11.86,synthetic
2024-05-12,UJANI-DEMO-001,Ujani Demonstration,24.7,100.0,14.28,11.1,synthetic
2024-05-13,UJANI-DEMO-001,Ujani Demonstration,24,100.0,5.07,13.31,synthetic
2024-05-14,UJANI-DEMO-001,Ujani Demonstration,24.1,100.0,13.03,12.44,synthetic
2024-05-15,UJANI-DEMO-001,Ujani Demonstration,24,100.0,4.91,11.72,synthetic
2024-05-16,UJANI-DEMO-001,Ujani Demonstration,24,100.0,8.94,11.9,synthetic
2024-05-17,UJANI-DEMO-001,Ujani Demonstration,26.7,100.0,24.35,11.89,synthetic
2024-05-18,UJANI-DEMO-001,Ujani Demonstration,25.4,100.0,6.52,12.51,synthetic
2024-05-19,UJANI-DEMO-001,Ujani Demonstration,25.7,100.0,13.17,11.74,synthetic
2024-05-20,UJANI-DEMO-001,Ujani Demonstration,26.0,100.0,12.17,10.99,synthetic
2024-05-21,UJANI-DEMO-001,Ujani Demonstration,26.2,100.0,14.39,13.58,synthetic
2024-05-22,UJANI-DEMO-001,Ujani Demonstration,26.0,100.0,12.71,13.42,synthetic
2024-05-23,UJANI-DEMO-001,Ujani Demonstration,26.9,100.0,16.22,12.02,synthetic
2024-05-24,UJANI-DEMO-001,Ujani Demonstration,25.5,100.0,5.16,11.56,synthetic
2024-05-25,UJANI-DEMO-001,Ujani Demonstration,24.3,100.0,5.7,11.39,synthetic
2024-05-26,UJANI-DEMO-001,Ujani Demonstration,24,100.0,0.21,11.74,synthetic
2024-05-27,UJANI-DEMO-001,Ujani Demonstration,24,100.0,2.58,12.68,synthetic
2024-05-28,UJANI-DEMO-001,Ujani Demonstration,24,100.0,5.31,11.41,synthetic
2024-05-29,UJANI-DEMO-001,Ujani Demonstration,24,100.0,5.83,11.79,synthetic
2024-05-30,UJANI-DEMO-001,Ujani Demonstration,26.0,100.0,19.1,10.01,synthetic
2024-05-31,UJANI-DEMO-001,Ujani Demonstration,24,100.0,1.58,13.56,synthetic
2024-06-01,UJANI-DEMO-001,Ujani Demonstration,24,100.0,7.2,12.25,synthetic
2024-06-02,UJANI-DEMO-001,Ujani Demonstration,24,100.0,3.21,12.0,synthetic
2024-06-03,UJANI-DEMO-001,Ujani Demonstration,24.1,100.0,11.31,10.99,synthetic
2024-06-04,UJANI-DEMO-001,Ujani Demonstration,24,100.0,0.09,11.31,synthetic
2024-06-05,UJANI-DEMO-001,Ujani Demonstration,24,100.0,9.56,11.37,synthetic
2024-06-06,UJANI-DEMO-001,Ujani Demonstration,25.4,100.0,19.42,12.95,synthetic
2024-06-07,UJANI-DEMO-001,Ujani Demonstration,27.1,100.0,19.23,11.78,synthetic
2024-06-08,UJANI-DEMO-001,Ujani Demonstration,29.7,100.0,24.82,12.73,synthetic
2024-06-09,UJANI-DEMO-001,Ujani Demonstration,31.1,100.0,18.03,11.96,synthetic
2024-06-10,UJANI-DEMO-001,Ujani Demonstration,33.1,100.0,20.66,11.56,synthetic
2024-06-11,UJANI-DEMO-001,Ujani Demonstration,32.0,100.0,7.48,12.21,synthetic
2024-06-12,UJANI-DEMO-001,Ujani Demonstration,35.0,100.0,26.88,13.44,synthetic
2024-06-13,UJANI-DEMO-001,Ujani Demonstration,37.3,100.0,22.42,11.96,synthetic
2024-06-14,UJANI-DEMO-001,Ujani Demonstration,34.9,100.0,0,10.79,synthetic
2024-06-15,UJANI-DEMO-001,Ujani Demonstration,38.0,100.0,25.33,11.4,synthetic
2024-06-16,UJANI-DEMO-001,Ujani Demonstration,39.2,100.0,17.19,11.56,synthetic
2024-06-17,UJANI-DEMO-001,Ujani Demonstration,40.4,100.0,16.87,11.4,synthetic
2024-06-18,UJANI-DEMO-001,Ujani Demonstration,43.5,100.0,24.37,10.22,synthetic
2024-06-19,UJANI-DEMO-001,Ujani Demonstration,44.4,100.0,15.57,11.59,synthetic
2024-06-20,UJANI-DEMO-001,Ujani Demonstration,48.4,100.0,28.5,10.46,synthetic
2024-06-21,UJANI-DEMO-001,Ujani Demonstration,50.2,100.0,18.91,10.56,synthetic
2024-06-22,UJANI-DEMO-001,Ujani Demonstration,56.3,100.0,38.52,10.68,synthetic
2024-06-23,UJANI-DEMO-001,Ujani Demonstration,58.7,100.0,21.21,10.28,synthetic
2024-06-24,UJANI-DEMO-001,Ujani Demonstration,59.0,100.0,13.45,12.22,synthetic
2024-06-25,UJANI-DEMO-001,Ujani Demonstration,61.3,100.0,21.67,11.45,synthetic
2024-06-26,UJANI-DEMO-001,Ujani Demonstration,65.9,100.0,33.42,12.2,synthetic
2024-06-27,UJANI-DEMO-001,Ujani Demonstration,69.5,100.0,29.12,12.63,synthetic
2024-06-28,UJANI-DEMO-001,Ujani Demonstration,75.9,100.0,39.03,10.03,synthetic
2024-06-29,UJANI-DEMO-001,Ujani Demonstration,77.8,100.0,19.35,10.89,synthetic
2024-06-30,UJANI-DEMO-001,Ujani Demonstration,81.0,100.0,23.91,9.43,synthetic
2024-07-01,UJANI-DEMO-001,Ujani Demonstration,81.3,100.0,13.36,11.73,synthetic
2024-07-02,UJANI-DEMO-001,Ujani Demonstration,83.6,100.0,22.19,11.88,synthetic
2024-07-03,UJANI-DEMO-001,Ujani Demonstration,87.0,100.0,26.8,11.31,synthetic
2024-07-04,UJANI-DEMO-001,Ujani Demonstration,88.5,100.0,16.9,10.31,synthetic
2024-07-05,UJANI-DEMO-001,Ujani Demonstration,95.4,100.0,42.32,10.64,synthetic
2024-07-06,UJANI-DEMO-001,Ujani Demonstration,96,100.0,19.96,10.21,synthetic
2024-07-07,UJANI-DEMO-001,Ujani Demonstration,96,100.0,33.23,11.04,synthetic
2024-07-08,UJANI-DEMO-001,Ujani Demonstration,96,100.0,27.95,10.51,synthetic
2024-07-09,UJANI-DEMO-001,Ujani Demonstration,96,100.0,29.78,9.56,synthetic
2024-07-10,UJANI-DEMO-001,Ujani Demonstration,96,100.0,50.73,9.9,synthetic
2024-07-11,UJANI-DEMO-001,Ujani Demonstration,96,100.0,11.74,11.11,synthetic
2024-07-12,UJANI-DEMO-001,Ujani Demonstration,96,100.0,42.92,9.29,synthetic
2024-07-13,UJANI-DEMO-001,Ujani Demonstration,96,100.0,31.59,9.37,synthetic
2024-07-14,UJANI-DEMO-001,Ujani Demonstration,96,100.0,33.74,9.76,synthetic
2024-07-15,UJANI-DEMO-001,Ujani Demonstration,96,100.0,23.16,10.53,synthetic
2024-07-16,UJANI-DEMO-001,Ujani Demonstration,96,100.0,32.34,10.06,synthetic
2024-07-17,UJANI-DEMO-001,Ujani Demonstration,96,100.0,39.74,9.31,synthetic
2024-07-18,UJANI-DEMO-001,Ujani Demonstration,96,100.0,51.29,10.33,synthetic
2024-07-19,UJANI-DEMO-001,Ujani Demonstration,96,100.0,31.88,9.14,synthetic
2024-07-20,UJANI-DEMO-001,Ujani Demonstration,96,100.0,41.5,9.88,synthetic
2024-07-21,UJANI-DEMO-001,Ujani Demonstration,96,100.0,40.49,10.67,synthetic
2024-07-22,UJANI-DEMO-001,Ujani Demonstration,96,100.0,26.54,11.04,synthetic
2024-07-23,UJANI-DEMO-001,Ujani Demonstration,96,100.0,38.5,9.23,synthetic
2024-07-24,UJANI-DEMO-001,Ujani Demonstration,96,100.0,51.58,10.5,synthetic
2024-07-25,UJANI-DEMO-001,Ujani Demonstration,96,100.0,48.72,8.87,synthetic
2024-07-26,UJANI-DEMO-001,Ujani Demonstration,96,100.0,36.72,10.57,synthetic
2024-07-27,UJANI-DEMO-001,Ujani Demonstration,96,100.0,62.47,8.07,synthetic
2024-07-28,UJANI-DEMO-001,Ujani Demonstration,96,100.0,56.91,9.52,synthetic
2024-07-29,UJANI-DEMO-001,Ujani Demonstration,96,100.0,42.36,9.26,synthetic
2024-07-30,UJANI-DEMO-001,Ujani Demonstration,96,100.0,40.1,10.05,synthetic
2024-07-31,UJANI-DEMO-001,Ujani Demonstration,96,100.0,41.0,10.95,synthetic
2024-08-01,UJANI-DEMO-001,Ujani Demonstration,96,100.0,54.14,10.07,synthetic
2024-08-02,UJANI-DEMO-001,Ujani Demonstration,96,100.0,46.42,10.02,synthetic
2024-08-03,UJANI-DEMO-001,Ujani Demonstration,96,100.0,48.31,9.53,synthetic
2024-08-04,UJANI-DEMO-001,Ujani Demonstration,96,100.0,37.62,10.29,synthetic
2024-08-05,UJANI-DEMO-001,Ujani Demonstration,96,100.0,35.42,9.56,synthetic
2024-08-06,UJANI-DEMO-001,Ujani Demonstration,96,100.0,28.16,8.96,synthetic
2024-08-07,UJANI-DEMO-001,Ujani Demonstration,96,100.0,43.95,8.48,synthetic
2024-08-08,UJANI-DEMO-001,Ujani Demonstration,96,100.0,39.82,9.21,synthetic
2024-08-09,UJANI-DEMO-001,Ujani Demonstration,96,100.0,57.16,7.84,synthetic
2024-08-10,UJANI-DEMO-001,Ujani Demonstration,96,100.0,35.48,8.79,synthetic
2024-08-11,UJANI-DEMO-001,Ujani Demonstration,96,100.0,51.9,9.76,synthetic
2024-08-12,UJANI-DEMO-001,Ujani Demonstration,96,100.0,50.01,8.87,synthetic
2024-08-13,UJANI-DEMO-001,Ujani Demonstration,96,100.0,32.54,8.61,synthetic
2024-08-14,UJANI-DEMO-001,Ujani Demonstration,96,100.0,36.21,7.93,synthetic
2024-08-15,UJANI-DEMO-001,Ujani Demonstration,96,100.0,61.29,8.33,synthetic
2024-08-16,UJANI-DEMO-001,Ujani Demonstration,96,100.0,59.33,9.85,synthetic
2024-08-17,UJANI-DEMO-001,Ujani Demonstration,96,100.0,43.41,10.77,synthetic
2024-08-18,UJANI-DEMO-001,Ujani Demonstration,96,100.0,63.27,10.98,synthetic
2024-08-19,UJANI-DEMO-001,Ujani Demonstration,96,100.0,49.23,10.51,synthetic
2024-08-20,UJANI-DEMO-001,Ujani Demonstration,96,100.0,42.42,9.34,synthetic
2024-08-21,UJANI-DEMO-001,Ujani Demonstration,96,100.0,40.99,8.66,synthetic
2024-08-22,UJANI-DEMO-001,Ujani Demonstration,96,100.0,44.88,10.07,synthetic
2024-08-23,UJANI-DEMO-001,Ujani Demonstration,96,100.0,38.81,8.55,synthetic
2024-08-24,UJANI-DEMO-001,Ujani Demonstration,96,100.0,60.08,9.71,synthetic
2024-08-25,UJANI-DEMO-001,Ujani Demonstration,96,100.0,47.16,10.05,synthetic
2024-08-26,UJANI-DEMO-001,Ujani Demonstration,96,100.0,48.66,8.24,synthetic
2024-08-27,UJANI-DEMO-001,Ujani Demonstration,96,100.0,45.5,9.69,synthetic
2024-08-28,UJANI-DEMO-001,Ujani Demonstration,96,100.0,53.3,8.35,synthetic
2024-08-29,UJANI-DEMO-001,Ujani Demonstration,96,100.0,57.4,10.24,synthetic
2024-08-30,UJANI-DEMO-001,Ujani Demonstration,96,100.0,43.61,9.45,synthetic
2024-08-31,UJANI-DEMO-001,Ujani Demonstration,96,100.0,32.87,8.08,synthetic
2024-09-01,UJANI-DEMO-001,Ujani Demonstration,96,100.0,42.44,11.25,synthetic
2024-09-02,UJANI-DEMO-001,Ujani Demonstration,96,100.0,44.4,9.87,synthetic
2024-09-03,UJANI-DEMO-001,Ujani Demonstration,96,100.0,48.56,8.86,synthetic
2024-09-04,UJANI-DEMO-001,Ujani Demonstration,96,100.0,61.02,8.5,synthetic
2024-09-05,UJANI-DEMO-001,Ujani Demonstration,96,100.0,49.04,9.1,synthetic
2024-09-06,UJANI-DEMO-001,Ujani Demonstration,96,100.0,51.85,10.05,synthetic
2024-09-07,UJANI-DEMO-001,Ujani Demonstration,96,100.0,63.64,11.12,synthetic
2024-09-08,UJANI-DEMO-001,Ujani Demonstration,96,100.0,41.44,10.53,synthetic
2024-09-09,UJANI-DEMO-001,Ujani Demonstration,96,100.0,52.39,9.42,synthetic
2024-09-10,UJANI-DEMO-001,Ujani Demonstration,96,100.0,68.27,8.81,synthetic
2024-09-11,UJANI-DEMO-001,Ujani Demonstration,96,100.0,45.43,10.98,synthetic
2024-09-12,UJANI-DEMO-001,Ujani Demonstration,96,100.0,48.66,9.8,synthetic
2024-09-13,UJANI-DEMO-001,Ujani Demonstration,96,100.0,39.55,10.08,synthetic
2024-09-14,UJANI-DEMO-001,Ujani Demonstration,96,100.0,39.0,11.13,synthetic
2024-09-15,UJANI-DEMO-001,Ujani Demonstration,96,100.0,30.34,11.7,synthetic
2024-09-16,UJANI-DEMO-001,Ujani Demonstration,96,100.0,58.88,9.71,synthetic
2024-09-17,UJANI-DEMO-001,Ujani Demonstration,96,100.0,22.04,9.28,synthetic
2024-09-18,UJANI-DEMO-001,Ujani Demonstration,96,100.0,52.5,9.99,synthetic
2024-09-19,UJANI-DEMO-001,Ujani Demonstration,96,100.0,59.95,10.76,synthetic
2024-09-20,UJANI-DEMO-001,Ujani Demonstration,96,100.0,34.56,10.11,synthetic
2024-09-21,UJANI-DEMO-001,Ujani Demonstration,96,100.0,48.55,10.04,synthetic
2024-09-22,UJANI-DEMO-001,Ujani Demonstration,96,100.0,53.25,8.69,synthetic
2024-09-23,UJANI-DEMO-001,Ujani Demonstration,96,100.0,47.32,9.51,synthetic
2024-09-24,UJANI-DEMO-001,Ujani Demonstration,96,100.0,51.9,9.75,synthetic
2024-09-25,UJANI-DEMO-001,Ujani Demonstration,96,100.0,32.96,10.83,synthetic
2024-09-26,UJANI-DEMO-001,Ujani Demonstration,96,100.0,41.17,9.8,synthetic
2024-09-27,UJANI-DEMO-001,Ujani Demonstration,96,100.0,35.73,9.15,synthetic
2024-09-28,UJANI-DEMO-001,Ujani Demonstration,96,100.0,52.94,9.5,synthetic
2024-09-29,UJANI-DEMO-001,Ujani Demonstration,96,100.0,44.49,9.44,synthetic
2024-09-30,UJANI-DEMO-001,Ujani Demonstration,96,100.0,35.41,10.56,synthetic
2024-10-01,UJANI-DEMO-001,Ujani Demonstration,96,100.0,56.52,10.98,synthetic
2024-10-02,UJANI-DEMO-001,Ujani Demonstration,96,100.0,25.18,9.89,synthetic
2024-10-03,UJANI-DEMO-001,Ujani Demonstration,96,100.0,34.01,10.01,synthetic
2024-10-04,UJANI-DEMO-001,Ujani Demonstration,96,100.0,56.17,8.42,synthetic
2024-10-05,UJANI-DEMO-001,Ujani Demonstration,96,100.0,33.88,9.02,synthetic
2024-10-06,UJANI-DEMO-001,Ujani Demonstration,96,100.0,41.12,9.92,synthetic
2024-10-07,UJANI-DEMO-001,Ujani Demonstration,96,100.0,41.02,9.76,synthetic
2024-10-08,UJANI-DEMO-001,Ujani Demonstration,96,100.0,46.86,9.41,synthetic
2024-10-09,UJANI-DEMO-001,Ujani Demonstration,96,100.0,57.02,11.33,synthetic
2024-10-10,UJANI-DEMO-001,Ujani Demonstration,96,100.0,34.13,10.77,synthetic
2024-10-11,UJANI-DEMO-001,Ujani Demonstration,96,100.0,47.12,10.34,synthetic
2024-10-12,UJANI-DEMO-001,Ujani Demonstration,96,100.0,22.81,12.08,synthetic
2024-10-13,UJANI-DEMO-001,Ujani Demonstration,96,100.0,38.54,9.54,synthetic
2024-10-14,UJANI-DEMO-001,Ujani Demonstration,96,100.0,26.81,11.3,synthetic
2024-10-15,UJANI-DEMO-001,Ujani Demonstration,96,100.0,40.54,9.75,synthetic
2024-10-16,UJANI-DEMO-001,Ujani Demonstration,96,100.0,27.62,10.73,synthetic
2024-10-17,UJANI-DEMO-001,Ujani Demonstration,96,100.0,35.96,11.87,synthetic
2024-10-18,UJANI-DEMO-001,Ujani Demonstration,96,100.0,24.64,10.23,synthetic
2024-10-19,UJANI-DEMO-001,Ujani Demonstration,96,100.0,37.15,10.56,synthetic
2024-10-20,UJANI-DEMO-001,Ujani Demonstration,96,100.0,21.59,10.35,synthetic
2024-10-21,UJANI-DEMO-001,Ujani Demonstration,96,100.0,15.15,11.83,synthetic
2024-10-22,UJANI-DEMO-001,Ujani Demonstration,96,100.0,35.69,9.89,synthetic
2024-10-23,UJANI-DEMO-001,Ujani Demonstration,96,100.0,30.34,10.22,synthetic
2024-10-24,UJANI-DEMO-001,Ujani Demonstration,96,100.0,19.06,10.52,synthetic
2024-10-25,UJANI-DEMO-001,Ujani Demonstration,96,100.0,15.94,11.17,synthetic
2024-10-26,UJANI-DEMO-001,Ujani Demonstration,96,100.0,16.9,10.12,synthetic
2024-10-27,UJANI-DEMO-001,Ujani Demonstration,96,100.0,22.46,10.51,synthetic
2024-10-28,UJANI-DEMO-001,Ujani Demonstration,96,100.0,27.39,12.04,synthetic
2024-10-29,UJANI-DEMO-001,Ujani Demonstration,96,100.0,20.53,11.28,synthetic
2024-10-30,UJANI-DEMO-001,Ujani Demonstration,96,100.0,46.1,11.59,synthetic
2024-10-31,UJANI-DEMO-001,Ujani Demonstration,96,100.0,30.02,11.0,synthetic
2024-11-01,UJANI-DEMO-001,Ujani Demonstration,96,100.0,23.17,11.72,synthetic
2024-11-02,UJANI-DEMO-001,Ujani Demonstration,96,100.0,31.31,10.86,synthetic
2024-11-03,UJANI-DEMO-001,Ujani Demonstration,96,100.0,13.07,11.03,synthetic
2024-11-04,UJANI-DEMO-001,Ujani Demonstration,96,100.0,32.11,11.49,synthetic
2024-11-05,UJANI-DEMO-001,Ujani Demonstration,96.0,100.0,9.99,10.2,synthetic
2024-11-06,UJANI-DEMO-001,Ujani Demonstration,96,100.0,15.37,10.75,synthetic
2024-11-07,UJANI-DEMO-001,Ujani Demonstration,96,100.0,16.17,11.15,synthetic
2024-11-08,UJANI-DEMO-001,Ujani Demonstration,96,100.0,25.14,10.47,synthetic
2024-11-09,UJANI-DEMO-001,Ujani Demonstration,95.9,100.0,11.07,11.54,synthetic
2024-11-10,UJANI-DEMO-001,Ujani Demonstration,96,100.0,33.73,11.97,synthetic
2024-11-11,UJANI-DEMO-001,Ujani Demonstration,96,100.0,22.54,11.68,synthetic
2024-11-12,UJANI-DEMO-001,Ujani Demonstration,96,100.0,26.08,10.11,synthetic
2024-11-13,UJANI-DEMO-001,Ujani Demonstration,95.9,100.0,10.19,10.8,synthetic
2024-11-14,UJANI-DEMO-001,Ujani Demonstration,95.6,100.0,10.7,11.81,synthetic
2024-11-15,UJANI-DEMO-001,Ujani Demonstration,93.9,100.0,3.97,11.59,synthetic
2024-11-16,UJANI-DEMO-001,Ujani Demonstration,94.0,100.0,11.63,11.31,synthetic
2024-11-17,UJANI-DEMO-001,Ujani Demonstration,92.3,100.0,3.78,11.58,synthetic
2024-11-18,UJANI-DEMO-001,Ujani Demonstration,90.7,100.0,3.99,11.12,synthetic
2024-11-19,UJANI-DEMO-001,Ujani Demonstration,89.8,100.0,7.68,11.74,synthetic
2024-11-20,UJANI-DEMO-001,Ujani Demonstration,87.3,100.0,0.49,12.03,synthetic
2024-11-21,UJANI-DEMO-001,Ujani Demonstration,86.5,100.0,8.36,12.19,synthetic
2024-11-22,UJANI-DEMO-001,Ujani Demonstration,86.4,100.0,12.85,12.93,synthetic
2024-11-23,UJANI-DEMO-001,Ujani Demonstration,84.8,100.0,4.59,11.82,synthetic
2024-11-24,UJANI-DEMO-001,Ujani Demonstration,84.7,100.0,10.91,11.68,synthetic
2024-11-25,UJANI-DEMO-001,Ujani Demonstration,85.6,100.0,17.77,13.7,synthetic
2024-11-26,UJANI-DEMO-001,Ujani Demonstration,83.9,100.0,5.31,12.8,synthetic
2024-11-27,UJANI-DEMO-001,Ujani Demonstration,82.2,100.0,4.47,12.47,synthetic
2024-11-28,UJANI-DEMO-001,Ujani Demonstration,83.4,100.0,16.91,11.15,synthetic
2024-11-29,UJANI-DEMO-001,Ujani Demonstration,82.6,100.0,8.58,12.54,synthetic
2024-11-30,UJANI-DEMO-001,Ujani Demonstration,80.8,100.0,4.64,12.64,synthetic
2024-12-01,UJANI-DEMO-001,Ujani Demonstration,78.7,100.0,3.86,13.46,synthetic
2024-12-02,UJANI-DEMO-001,Ujani Demonstration,76.9,100.0,3.51,11.86,synthetic
2024-12-03,UJANI-DEMO-001,Ujani Demonstration,74.4,100.0,0,11.2,synthetic
2024-12-04,UJANI-DEMO-001,Ujani Demonstration,74.7,100.0,14.04,12.58,synthetic
2024-12-05,UJANI-DEMO-001,Ujani Demonstration,72.5,100.0,2.59,12.63,synthetic
2024-12-06,UJANI-DEMO-001,Ujani Demonstration,72.9,100.0,14.81,13.02,synthetic
2024-12-07,UJANI-DEMO-001,Ujani Demonstration,75.1,100.0,23.01,13.2,synthetic
2024-12-08,UJANI-DEMO-001,Ujani Demonstration,72.7,100.0,0.95,11.61,synthetic
2024-12-09,UJANI-DEMO-001,Ujani Demonstration,72.2,100.0,9.5,11.71,synthetic
2024-12-10,UJANI-DEMO-001,Ujani Demonstration,72.2,100.0,13.42,13.38,synthetic
2024-12-11,UJANI-DEMO-001,Ujani Demonstration,69.2,100.0,0,13.56,synthetic
2024-12-12,UJANI-DEMO-001,Ujani Demonstration,70.3,100.0,15.85,10.93,synthetic
2024-12-13,UJANI-DEMO-001,Ujani Demonstration,67.4,100.0,0,13.35,synthetic
2024-12-14,UJANI-DEMO-001,Ujani Demonstration,65.6,100.0,4.21,12.49,synthetic
2024-12-15,UJANI-DEMO-001,Ujani Demonstration,64.4,100.0,6.51,11.62,synthetic
2024-12-16,UJANI-DEMO-001,Ujani Demonstration,64.4,100.0,12.74,13.05,synthetic
2024-12-17,UJANI-DEMO-001,Ujani Demonstration,62.2,100.0,3.83,13.58,synthetic
2024-12-18,UJANI-DEMO-001,Ujani Demonstration,61.2,100.0,6.43,10.98,synthetic
2024-12-19,UJANI-DEMO-001,Ujani Demonstration,59.2,100.0,3.22,12.58,synthetic
2024-12-20,UJANI-DEMO-001,Ujani Demonstration,59.1,100.0,12.05,12.51,synthetic
2024-12-21,UJANI-DEMO-001,Ujani Demonstration,61.8,100.0,24.3,11.73,synthetic
2024-12-22,UJANI-DEMO-001,Ujani Demonstration,63.0,100.0,17.51,12.18,synthetic
2024-12-23,UJANI-DEMO-001,Ujani Demonstration,61.6,100.0,6.29,12.89,synthetic
2024-12-24,UJANI-DEMO-001,Ujani Demonstration,61.3,100.0,12.69,13.84,synthetic
2024-12-25,UJANI-DEMO-001,Ujani Demonstration,59.2,100.0,2.81,12.33,synthetic
2024-12-26,UJANI-DEMO-001,Ujani Demonstration,57.8,100.0,5.31,11.56,synthetic
2024-12-27,UJANI-DEMO-001,Ujani Demonstration,57.6,100.0,10.96,11.85,synthetic
2024-12-28,UJANI-DEMO-001,Ujani Demonstration,55.5,100.0,2.32,12.11,synthetic
2024-12-29,UJANI-DEMO-001,Ujani Demonstration,55.6,100.0,12.42,12.0,synthetic
2024-12-30,UJANI-DEMO-001,Ujani Demonstration,55.9,100.0,14.57,12.99,synthetic
2024-12-31,UJANI-DEMO-001,Ujani Demonstration,53.7,100.0,3.31,13.6,synthetic
2025-01-01,UJANI-DEMO-001,Ujani Demonstration,51.4,100.0,2.2,12.27,synthetic
2025-01-02,UJANI-DEMO-001,Ujani Demonstration,49.4,100.0,2.43,11.89,synthetic
2025-01-03,UJANI-DEMO-001,Ujani Demonstration,49.3,100.0,10.71,10.94,synthetic
2025-01-04,UJANI-DEMO-001,Ujani Demonstration,46.8,100.0,0,11.28,synthetic
2025-01-05,UJANI-DEMO-001,Ujani Demonstration,44.4,100.0,1.57,12.76,synthetic
2025-01-06,UJANI-DEMO-001,Ujani Demonstration,42.1,100.0,2.18,12.47,synthetic
2025-01-07,UJANI-DEMO-001,Ujani Demonstration,40.1,100.0,3.13,12.34,synthetic
2025-01-08,UJANI-DEMO-001,Ujani Demonstration,42.6,100.0,23.79,12.43,synthetic
2025-01-09,UJANI-DEMO-001,Ujani Demonstration,44.0,100.0,18.61,11.97,synthetic
2025-01-10,UJANI-DEMO-001,Ujani Demonstration,42.4,100.0,3.47,11.08,synthetic
2025-01-11,UJANI-DEMO-001,Ujani Demonstration,40.4,100.0,2.69,11.77,synthetic
2025-01-12,UJANI-DEMO-001,Ujani Demonstration,37.9,100.0,1.87,13.28,synthetic
2025-01-13,UJANI-DEMO-001,Ujani Demonstration,36.2,100.0,5.1,12.64,synthetic
2025-01-14,UJANI-DEMO-001,Ujani Demonstration,35.5,100.0,10.16,13.19,synthetic
2025-01-15,UJANI-DEMO-001,Ujani Demonstration,34.1,100.0,4.77,11.37,synthetic
2025-01-16,UJANI-DEMO-001,Ujani Demonstration,32.8,100.0,6.45,12.49,synthetic
2025-01-17,UJANI-DEMO-001,Ujani Demonstration,30.8,100.0,2.44,11.18,synthetic
2025-01-18,UJANI-DEMO-001,Ujani Demonstration,29.5,100.0,5.36,11.32,synthetic
2025-01-19,UJANI-DEMO-001,Ujani Demonstration,27.2,100.0,2.42,12.9,synthetic
2025-01-20,UJANI-DEMO-001,Ujani Demonstration,25.8,100.0,6.58,12.79,synthetic
2025-01-21,UJANI-DEMO-001,Ujani Demonstration,24.8,100.0,7.03,11.79,synthetic
2025-01-22,UJANI-DEMO-001,Ujani Demonstration,24,100.0,3.3,11.32,synthetic
2025-01-23,UJANI-DEMO-001,Ujani Demonstration,24,100.0,11.04,12.12,synthetic
2025-01-24,UJANI-DEMO-001,Ujani Demonstration,24,100.0,10.66,11.02,synthetic
2025-01-25,UJANI-DEMO-001,Ujani Demonstration,24,100.0,3.21,12.05,synthetic
2025-01-26,UJANI-DEMO-001,Ujani Demonstration,26.0,100.0,20.88,11.8,synthetic
2025-01-27,UJANI-DEMO-001,Ujani Demonstration,26.7,100.0,13.12,9.93,synthetic
2025-01-28,UJANI-DEMO-001,Ujani Demonstration,26.6,100.0,11.5,12.12,synthetic
2025-01-29,UJANI-DEMO-001,Ujani Demonstration,24.1,100.0,1.5,12.59,synthetic
2025-01-30,UJANI-DEMO-001,Ujani Demonstration,24,100.0,11.09,12.89,synthetic
2025-01-31,UJANI-DEMO-001,Ujani Demonstration,24,100.0,2.57,11.72,synthetic
2025-02-01,UJANI-DEMO-001,Ujani Demonstration,24,100.0,4.2,12.98,synthetic
2025-02-02,UJANI-DEMO-001,Ujani Demonstration,24,100.0,8.02,12.08,synthetic
2025-02-03,UJANI-DEMO-001,Ujani Demonstration,24,100.0,6.4,12.56,synthetic
2025-02-04,UJANI-DEMO-001,Ujani Demonstration,24,100.0,2.34,13.25,synthetic
2025-02-05,UJANI-DEMO-001,Ujani Demonstration,24,100.0,1.5,11.43,synthetic
2025-02-06,UJANI-DEMO-001,Ujani Demonstration,26.5,100.0,23.1,11.71,synthetic
2025-02-07,UJANI-DEMO-001,Ujani Demonstration,26.2,100.0,9.57,10.91,synthetic
2025-02-08,UJANI-DEMO-001,Ujani Demonstration,29.8,100.0,27.73,11.28,synthetic
2025-02-09,UJANI-DEMO-001,Ujani Demonstration,27.5,100.0,1.71,12.21,synthetic
2025-02-10,UJANI-DEMO-001,Ujani Demonstration,25.9,100.0,5.3,12.66,synthetic
2025-02-11,UJANI-DEMO-001,Ujani Demonstration,24,100.0,4.59,13.53,synthetic
2025-02-12,UJANI-DEMO-001,Ujani Demonstration,25.1,100.0,17.88,12.77,synthetic
2025-02-13,UJANI-DEMO-001,Ujani Demonstration,24,100.0,2.44,14.62,synthetic
2025-02-14,UJANI-DEMO-001,Ujani Demonstration,25.2,100.0,18.01,12.66,synthetic
2025-02-15,UJANI-DEMO-001,Ujani Demonstration,25.4,100.0,14.54,13.35,synthetic
2025-02-16,UJANI-DEMO-001,Ujani Demonstration,24.5,100.0,9.63,13.84,synthetic
2025-02-17,UJANI-DEMO-001,Ujani Demonstration,24.1,100.0,10.87,12.66,synthetic
2025-02-18,UJANI-DEMO-001,Ujani Demonstration,25.1,100.0,16.74,12.27,synthetic
2025-02-19,UJANI-DEMO-001,Ujani Demonstration,24,100.0,0.65,12.33,synthetic
2025-02-20,UJANI-DEMO-001,Ujani Demonstration,24,100.0,4.7,12.7,synthetic
2025-02-21,UJANI-DEMO-001,Ujani Demonstration,24,100.0,3.71,12.79,synthetic
2025-02-22,UJANI-DEMO-001,Ujani Demonstration,24,100.0,0.59,12.72,synthetic
2025-02-23,UJANI-DEMO-001,Ujani Demonstration,24,100.0,1.39,13.46,synthetic
2025-02-24,UJANI-DEMO-001,Ujani Demonstration,25.8,100.0,20.54,12.14,synthetic
2025-02-25,UJANI-DEMO-001,Ujani Demonstration,24.1,100.0,5.21,13.01,synthetic
2025-02-26,UJANI-DEMO-001,Ujani Demonstration,24,100.0,0.59,11.18,synthetic
2025-02-27,UJANI-DEMO-001,Ujani Demonstration,24,100.0,5.9,13.36,synthetic
2025-02-28,UJANI-DEMO-001,Ujani Demonstration,24,100.0,2.23,12.47,synthetic
2025-03-01,UJANI-DEMO-001,Ujani Demonstration,24,100.0,3.98,11.83,synthetic
2025-03-02,UJANI-DEMO-001,Ujani Demonstration,24,100.0,2.79,11.4,synthetic
2025-03-03,UJANI-DEMO-001,Ujani Demonstration,24,100.0,1.59,11.92,synthetic
2025-03-04,UJANI-DEMO-001,Ujani Demonstration,24,100.0,3.5,11.14,synthetic
2025-03-05,UJANI-DEMO-001,Ujani Demonstration,24,100.0,11.2,12.49,synthetic
2025-03-06,UJANI-DEMO-001,Ujani Demonstration,25.5,100.0,18.8,11.96,synthetic
2025-03-07,UJANI-DEMO-001,Ujani Demonstration,27.1,100.0,18.63,11.4,synthetic
2025-03-08,UJANI-DEMO-001,Ujani Demonstration,27.5,100.0,14.62,12.97,synthetic
2025-03-09,UJANI-DEMO-001,Ujani Demonstration,26.1,100.0,6.6,12.94,synthetic
2025-03-10,UJANI-DEMO-001,Ujani Demonstration,24,100.0,1.05,12.32,synthetic
2025-03-11,UJANI-DEMO-001,Ujani Demonstration,24,100.0,6.2,13.4,synthetic
2025-03-12,UJANI-DEMO-001,Ujani Demonstration,24,100.0,3.83,11.15,synthetic
2025-03-13,UJANI-DEMO-001,Ujani Demonstration,24,100.0,3.62,13.28,synthetic
2025-03-14,UJANI-DEMO-001,Ujani Demonstration,24,100.0,2.88,11.8,synthetic
2025-03-15,UJANI-DEMO-001,Ujani Demonstration,24.5,100.0,15.26,13.01,synthetic
2025-03-16,UJANI-DEMO-001,Ujani Demonstration,24.6,100.0,12.51,12.02,synthetic
2025-03-17,UJANI-DEMO-001,Ujani Demonstration,25.6,100.0,17.02,12.71,synthetic
2025-03-18,UJANI-DEMO-001,Ujani Demonstration,24,100.0,2.96,12.87,synthetic
2025-03-19,UJANI-DEMO-001,Ujani Demonstration,25.5,100.0,18.28,11.44,synthetic
2025-03-20,UJANI-DEMO-001,Ujani Demonstration,24.0,100.0,6.03,12.86,synthetic
2025-03-21,UJANI-DEMO-001,Ujani Demonstration,24,100.0,3.19,13.76,synthetic
2025-03-22,UJANI-DEMO-001,Ujani Demonstration,24,100.0,7.49,11.36,synthetic
2025-03-23,UJANI-DEMO-001,Ujani Demonstration,24,100.0,12.27,13.21,synthetic
2025-03-24,UJANI-DEMO-001,Ujani Demonstration,24,100.0,1.42,11.44,synthetic
2025-03-25,UJANI-DEMO-001,Ujani Demonstration,25.2,100.0,17.6,12.25,synthetic
2025-03-26,UJANI-DEMO-001,Ujani Demonstration,27.0,100.0,21.64,13.56,synthetic
2025-03-27,UJANI-DEMO-001,Ujani Demonstration,24.8,100.0,3.08,12.86,synthetic
2025-03-28,UJANI-DEMO-001,Ujani Demonstration,25.1,100.0,13.24,11.91,synthetic
2025-03-29,UJANI-DEMO-001,Ujani Demonstration,24,100.0,6.24,11.55,synthetic
2025-03-30,UJANI-DEMO-001,Ujani Demonstration,24,100.0,7.83,10.43,synthetic
2025-03-31,UJANI-DEMO-001,Ujani Demonstration,24.1,100.0,13.65,13.09,synthetic
2025-04-01,UJANI-DEMO-001,Ujani Demonstration,24,100.0,9.12,12.33,synthetic
2025-04-02,UJANI-DEMO-001,Ujani Demonstration,24.6,100.0,16.44,13.88,synthetic
2025-04-03,UJANI-DEMO-001,Ujani Demonstration,24,100.0,2.44,11.94,synthetic
2025-04-04,UJANI-DEMO-001,Ujani Demonstration,24,100.0,11.33,12.74,synthetic
2025-04-05,UJANI-DEMO-001,Ujani Demonstration,24,100.0,2.17,13.47,synthetic
2025-04-06,UJANI-DEMO-001,Ujani Demonstration,25.7,100.0,19.88,12.19,synthetic
2025-04-07,UJANI-DEMO-001,Ujani Demonstration,24,100.0,2.17,12.45,synthetic
2025-04-08,UJANI-DEMO-001,Ujani Demonstration,24,100.0,4.8,11.45,synthetic
2025-04-09,UJANI-DEMO-001,Ujani Demonstration,24.6,100.0,16.24,13.45,synthetic
2025-04-10,UJANI-DEMO-001,Ujani Demonstration,24,100.0,4.33,12.6,synthetic
2025-04-11,UJANI-DEMO-001,Ujani Demonstration,25.2,100.0,16.88,11.6,synthetic
2025-04-12,UJANI-DEMO-001,Ujani Demonstration,25.9,100.0,15.89,12.64,synthetic
2025-04-13,UJANI-DEMO-001,Ujani Demonstration,24,100.0,3.29,12.18,synthetic
2025-04-14,UJANI-DEMO-001,Ujani Demonstration,24,100.0,10.28,10.99,synthetic
2025-04-15,UJANI-DEMO-001,Ujani Demonstration,24,100.0,1.65,11.77,synthetic
2025-04-16,UJANI-DEMO-001,Ujani Demonstration,27.7,100.0,27.46,10.7,synthetic
2025-04-17,UJANI-DEMO-001,Ujani Demonstration,25.6,100.0,3.09,12.38,synthetic
2025-04-18,UJANI-DEMO-001,Ujani Demonstration,26.3,100.0,16.0,13.14,synthetic
2025-04-19,UJANI-DEMO-001,Ujani Demonstration,24.7,100.0,3.94,11.27,synthetic
2025-04-20,UJANI-DEMO-001,Ujani Demonstration,24.1,100.0,9.45,11.93,synthetic
2025-04-21,UJANI-DEMO-001,Ujani Demonstration,24,100.0,6.11,12.14,synthetic
2025-04-22,UJANI-DEMO-001,Ujani Demonstration,24.5,100.0,16.36,13.96,synthetic
2025-04-23,UJANI-DEMO-001,Ujani Demonstration,24,100.0,2.63,11.57,synthetic
2025-04-24,UJANI-DEMO-001,Ujani Demonstration,24,100.0,0.78,11.47,synthetic
2025-04-25,UJANI-DEMO-001,Ujani Demonstration,24,100.0,7.23,13.41,synthetic
2025-04-26,UJANI-DEMO-001,Ujani Demonstration,24,100.0,5.34,12.66,synthetic
2025-04-27,UJANI-DEMO-001,Ujani Demonstration,24,100.0,5.32,13.18,synthetic
2025-04-28,UJANI-DEMO-001,Ujani Demonstration,24.4,100.0,14.33,12.47,synthetic
2025-04-29,UJANI-DEMO-001,Ujani Demonstration,24,100.0,9.55,12.13,synthetic
2025-04-30,UJANI-DEMO-001,Ujani Demonstration,24,100.0,5.55,11.13,synthetic
2025-05-01,UJANI-DEMO-001,Ujani Demonstration,24,100.0,3.73,11.68,synthetic
2025-05-02,UJANI-DEMO-001,Ujani Demonstration,24,100.0,0,12.74,synthetic
2025-05-03,UJANI-DEMO-001,Ujani Demonstration,24,100.0,0,12.38,synthetic
2025-05-04,UJANI-DEMO-001,Ujani Demonstration,27.6,100.0,28.11,11.84,synthetic
2025-05-05,UJANI-DEMO-001,Ujani Demonstration,26.3,100.0,6.37,12.33,synthetic
2025-05-06,UJANI-DEMO-001,Ujani Demonstration,28.7,100.0,22.51,11.46,synthetic
2025-05-07,UJANI-DEMO-001,Ujani Demonstration,26.4,100.0,1.53,11.89,synthetic
2025-05-08,UJANI-DEMO-001,Ujani Demonstration,28.0,100.0,18.18,11.13,synthetic
2025-05-09,UJANI-DEMO-001,Ujani Demonstration,25.4,100.0,0.92,12.6,synthetic
2025-05-10,UJANI-DEMO-001,Ujani Demonstration,24,100.0,3.96,12.66,synthetic
2025-05-11,UJANI-DEMO-001,Ujani Demonstration,24,100.0,3.62,11.21,synthetic
2025-05-12,UJANI-DEMO-001,Ujani Demonstration,24,100.0,7.85,13.21,synthetic
2025-05-13,UJANI-DEMO-001,Ujani Demonstration,24,100.0,5.39,11.9,synthetic
2025-05-14,UJANI-DEMO-001,Ujani Demonstration,24,100.0,5.5,12.22,synthetic
2025-05-15,UJANI-DEMO-001,Ujani Demonstration,24,100.0,11.06,13.13,synthetic
2025-05-16,UJANI-DEMO-001,Ujani Demonstration,24,100.0,3.76,11.47,synthetic
2025-05-17,UJANI-DEMO-001,Ujani Demonstration,24,100.0,3.4,12.77,synthetic
2025-05-18,UJANI-DEMO-001,Ujani Demonstration,24,100.0,2.71,11.69,synthetic
2025-05-19,UJANI-DEMO-001,Ujani Demonstration,24,100.0,8.85,11.05,synthetic
2025-05-20,UJANI-DEMO-001,Ujani Demonstration,24,100.0,0.63,12.61,synthetic
2025-05-21,UJANI-DEMO-001,Ujani Demonstration,26.2,100.0,21.93,12.0,synthetic
2025-05-22,UJANI-DEMO-001,Ujani Demonstration,26.3,100.0,12.1,11.59,synthetic
2025-05-23,UJANI-DEMO-001,Ujani Demonstration,25.6,100.0,9.81,12.87,synthetic
2025-05-24,UJANI-DEMO-001,Ujani Demonstration,25.0,100.0,10.86,13.71,synthetic
2025-05-25,UJANI-DEMO-001,Ujani Demonstration,24,100.0,5.47,11.26,synthetic
2025-05-26,UJANI-DEMO-001,Ujani Demonstration,24,100.0,2.08,13.51,synthetic
2025-05-27,UJANI-DEMO-001,Ujani Demonstration,24,100.0,9.21,11.21,synthetic
2025-05-28,UJANI-DEMO-001,Ujani Demonstration,24,100.0,10.69,12.79,synthetic
2025-05-29,UJANI-DEMO-001,Ujani Demonstration,24,100.0,2.37,11.51,synthetic
2025-05-30,UJANI-DEMO-001,Ujani Demonstration,24,100.0,5.35,12.23,synthetic
2025-05-31,UJANI-DEMO-001,Ujani Demonstration,24.9,100.0,16.52,12.65,synthetic
2025-06-01,UJANI-DEMO-001,Ujani Demonstration,24,100.0,2.9,12.93,synthetic
2025-06-02,UJANI-DEMO-001,Ujani Demonstration,24,100.0,4.99,13.36,synthetic
2025-06-03,UJANI-DEMO-001,Ujani Demonstration,25.6,100.0,19.51,12.45,synthetic
2025-06-04,UJANI-DEMO-001,Ujani Demonstration,25.9,100.0,15.09,13.53,synthetic
2025-06-05,UJANI-DEMO-001,Ujani Demonstration,25.8,100.0,13.27,13.64,synthetic
2025-06-06,UJANI-DEMO-001,Ujani Demonstration,28.3,100.0,21.45,10.09,synthetic
2025-06-07,UJANI-DEMO-001,Ujani Demonstration,27.6,100.0,7.97,11.24,synthetic
2025-06-08,UJANI-DEMO-001,Ujani Demonstration,26.8,100.0,5.95,9.43,synthetic
2025-06-09,UJANI-DEMO-001,Ujani Demonstration,25.4,100.0,5.32,11.62,synthetic
2025-06-10,UJANI-DEMO-001,Ujani Demonstration,26.9,100.0,17.67,11.24,synthetic
2025-06-11,UJANI-DEMO-001,Ujani Demonstration,30.9,100.0,29.53,11.08,synthetic
2025-06-12,UJANI-DEMO-001,Ujani Demonstration,32.2,100.0,16.63,10.72,synthetic
2025-06-13,UJANI-DEMO-001,Ujani Demonstration,34.7,100.0,21.94,10.74,synthetic
2025-06-14,UJANI-DEMO-001,Ujani Demonstration,38.6,100.0,30.4,12.42,synthetic
2025-06-15,UJANI-DEMO-001,Ujani Demonstration,42.1,100.0,28.03,12.24,synthetic
2025-06-16,UJANI-DEMO-001,Ujani Demonstration,45.3,100.0,27.09,12.5,synthetic
2025-06-17,UJANI-DEMO-001,Ujani Demonstration,49.0,100.0,27.36,10.6,synthetic
2025-06-18,UJANI-DEMO-001,Ujani Demonstration,48.9,100.0,9.55,9.93,synthetic
2025-06-19,UJANI-DEMO-001,Ujani Demonstration,52.1,100.0,24.75,10.24,synthetic
2025-06-20,UJANI-DEMO-001,Ujani Demonstration,54.4,100.0,21.17,11.01,synthetic
2025-06-21,UJANI-DEMO-001,Ujani Demonstration,55.0,100.0,14.45,11.45,synthetic
2025-06-22,UJANI-DEMO-001,Ujani Demonstration,57.0,100.0,20.06,11.22,synthetic
2025-06-23,UJANI-DEMO-001,Ujani Demonstration,59.1,100.0,19.98,10.13,synthetic
2025-06-24,UJANI-DEMO-001,Ujani Demonstration,60.0,100.0,14.55,10.57,synthetic
2025-06-25,UJANI-DEMO-001,Ujani Demonstration,61.1,100.0,15.88,10.68,synthetic
2025-06-26,UJANI-DEMO-001,Ujani Demonstration,62.5,100.0,17.33,11.08,synthetic
2025-06-27,UJANI-DEMO-001,Ujani Demonstration,63.7,100.0,17.76,12.6,synthetic
2025-06-28,UJANI-DEMO-001,Ujani Demonstration,68.5,100.0,31.92,10.0,synthetic
2025-06-29,UJANI-DEMO-001,Ujani Demonstration,74.0,100.0,35.44,10.26,synthetic
2025-06-30,UJANI-DEMO-001,Ujani Demonstration,77.9,100.0,28.87,11.1,synthetic
2025-07-01,UJANI-DEMO-001,Ujani Demonstration,80.4,100.0,22.34,11.01,synthetic
2025-07-02,UJANI-DEMO-001,Ujani Demonstration,85.2,100.0,31.8,10.21,synthetic
2025-07-03,UJANI-DEMO-001,Ujani Demonstration,90.2,100.0,33.7,10.78,synthetic
2025-07-04,UJANI-DEMO-001,Ujani Demonstration,95.6,100.0,34.71,10.25,synthetic
2025-07-05,UJANI-DEMO-001,Ujani Demonstration,96,100.0,54.26,10.65,synthetic
2025-07-06,UJANI-DEMO-001,Ujani Demonstration,96,100.0,29.82,10.01,synthetic
2025-07-07,UJANI-DEMO-001,Ujani Demonstration,96,100.0,20.37,8.91,synthetic
2025-07-08,UJANI-DEMO-001,Ujani Demonstration,96,100.0,26.37,9.55,synthetic
2025-07-09,UJANI-DEMO-001,Ujani Demonstration,96,100.0,43.36,9.91,synthetic
2025-07-10,UJANI-DEMO-001,Ujani Demonstration,96,100.0,34.73,10.36,synthetic
2025-07-11,UJANI-DEMO-001,Ujani Demonstration,96,100.0,34.87,11.01,synthetic
2025-07-12,UJANI-DEMO-001,Ujani Demonstration,96,100.0,27.69,11.27,synthetic
2025-07-13,UJANI-DEMO-001,Ujani Demonstration,96,100.0,36.52,8.73,synthetic
2025-07-14,UJANI-DEMO-001,Ujani Demonstration,96,100.0,18.56,9.78,synthetic
2025-07-15,UJANI-DEMO-001,Ujani Demonstration,96,100.0,33.26,10.42,synthetic
2025-07-16,UJANI-DEMO-001,Ujani Demonstration,96,100.0,27.2,8.69,synthetic
2025-07-17,UJANI-DEMO-001,Ujani Demonstration,96,100.0,38.52,9.5,synthetic
2025-07-18,UJANI-DEMO-001,Ujani Demonstration,96,100.0,45.8,8.67,synthetic
2025-07-19,UJANI-DEMO-001,Ujani Demonstration,96,100.0,29.21,7.97,synthetic
2025-07-20,UJANI-DEMO-001,Ujani Demonstration,96,100.0,42.73,9.04,synthetic
2025-07-21,UJANI-DEMO-001,Ujani Demonstration,96,100.0,39.32,9.9,synthetic
2025-07-22,UJANI-DEMO-001,Ujani Demonstration,96,100.0,34.64,10.44,synthetic
2025-07-23,UJANI-DEMO-001,Ujani Demonstration,96,100.0,39.32,11.03,synthetic
2025-07-24,UJANI-DEMO-001,Ujani Demonstration,96,100.0,56.52,10.76,synthetic
2025-07-25,UJANI-DEMO-001,Ujani Demonstration,96,100.0,40.02,9.76,synthetic
2025-07-26,UJANI-DEMO-001,Ujani Demonstration,96,100.0,50.63,11.05,synthetic
2025-07-27,UJANI-DEMO-001,Ujani Demonstration,96,100.0,47.19,7.74,synthetic
2025-07-28,UJANI-DEMO-001,Ujani Demonstration,96,100.0,44.5,8.47,synthetic
2025-07-29,UJANI-DEMO-001,Ujani Demonstration,96,100.0,58.37,8.38,synthetic
2025-07-30,UJANI-DEMO-001,Ujani Demonstration,96,100.0,57.4,9.22,synthetic
2025-07-31,UJANI-DEMO-001,Ujani Demonstration,96,100.0,50.72,9.99,synthetic
2025-08-01,UJANI-DEMO-001,Ujani Demonstration,96,100.0,58.73,10.18,synthetic
2025-08-02,UJANI-DEMO-001,Ujani Demonstration,96,100.0,43.85,10.25,synthetic
2025-08-03,UJANI-DEMO-001,Ujani Demonstration,96,100.0,44.06,9.5,synthetic
2025-08-04,UJANI-DEMO-001,Ujani Demonstration,96,100.0,49.27,8.73,synthetic
2025-08-05,UJANI-DEMO-001,Ujani Demonstration,96,100.0,48.34,10.62,synthetic
2025-08-06,UJANI-DEMO-001,Ujani Demonstration,96,100.0,58.28,9.8,synthetic
2025-08-07,UJANI-DEMO-001,Ujani Demonstration,96,100.0,35.74,10.32,synthetic
2025-08-08,UJANI-DEMO-001,Ujani Demonstration,96,100.0,32.57,9.0,synthetic
2025-08-09,UJANI-DEMO-001,Ujani Demonstration,96,100.0,53.15,9.23,synthetic
2025-08-10,UJANI-DEMO-001,Ujani Demonstration,96,100.0,39.94,11.24,synthetic
2025-08-11,UJANI-DEMO-001,Ujani Demonstration,96,100.0,25.26,9.63,synthetic
2025-08-12,UJANI-DEMO-001,Ujani Demonstration,96,100.0,49.37,7.98,synthetic
2025-08-13,UJANI-DEMO-001,Ujani Demonstration,96,100.0,56.69,9.67,synthetic
2025-08-14,UJANI-DEMO-001,Ujani Demonstration,96,100.0,55.38,9.33,synthetic
2025-08-15,UJANI-DEMO-001,Ujani Demonstration,96,100.0,32.04,10.34,synthetic
2025-08-16,UJANI-DEMO-001,Ujani Demonstration,96,100.0,49.0,9.33,synthetic
2025-08-17,UJANI-DEMO-001,Ujani Demonstration,96,100.0,47.77,10.23,synthetic
2025-08-18,UJANI-DEMO-001,Ujani Demonstration,96,100.0,61.52,9.73,synthetic
2025-08-19,UJANI-DEMO-001,Ujani Demonstration,96,100.0,40.64,9.86,synthetic
2025-08-20,UJANI-DEMO-001,Ujani Demonstration,96,100.0,40.42,8.99,synthetic
2025-08-21,UJANI-DEMO-001,Ujani Demonstration,96,100.0,46.24,8.85,synthetic
2025-08-22,UJANI-DEMO-001,Ujani Demonstration,96,100.0,46.1,9.21,synthetic
2025-08-23,UJANI-DEMO-001,Ujani Demonstration,96,100.0,56.22,8.77,synthetic
2025-08-24,UJANI-DEMO-001,Ujani Demonstration,96,100.0,59.65,9.24,synthetic
2025-08-25,UJANI-DEMO-001,Ujani Demonstration,96,100.0,49.64,9.77,synthetic
2025-08-26,UJANI-DEMO-001,Ujani Demonstration,96,100.0,51.45,10.71,synthetic
2025-08-27,UJANI-DEMO-001,Ujani Demonstration,96,100.0,34.94,8.73,synthetic
2025-08-28,UJANI-DEMO-001,Ujani Demonstration,96,100.0,54.48,10.55,synthetic
2025-08-29,UJANI-DEMO-001,Ujani Demonstration,96,100.0,44.6,9.96,synthetic
2025-08-30,UJANI-DEMO-001,Ujani Demonstration,96,100.0,56.32,8.78,synthetic
2025-08-31,UJANI-DEMO-001,Ujani Demonstration,96,100.0,46.39,10.4,synthetic
2025-09-01,UJANI-DEMO-001,Ujani Demonstration,96,100.0,48.63,9.59,synthetic
2025-09-02,UJANI-DEMO-001,Ujani Demonstration,96,100.0,43.15,9.8,synthetic
2025-09-03,UJANI-DEMO-001,Ujani Demonstration,96,100.0,42.95,9.83,synthetic
2025-09-04,UJANI-DEMO-001,Ujani Demonstration,96,100.0,38.95,8.13,synthetic
2025-09-05,UJANI-DEMO-001,Ujani Demonstration,96,100.0,37.39,10.6,synthetic
2025-09-06,UJANI-DEMO-001,Ujani Demonstration,96,100.0,50.52,10.16,synthetic
2025-09-07,UJANI-DEMO-001,Ujani Demonstration,96,100.0,46.81,8.63,synthetic
2025-09-08,UJANI-DEMO-001,Ujani Demonstration,96,100.0,42.61,8.99,synthetic
2025-09-09,UJANI-DEMO-001,Ujani Demonstration,96,100.0,45.22,9.5,synthetic
2025-09-10,UJANI-DEMO-001,Ujani Demonstration,96,100.0,40.43,11.2,synthetic
2025-09-11,UJANI-DEMO-001,Ujani Demonstration,96,100.0,59.8,8.04,synthetic
2025-09-12,UJANI-DEMO-001,Ujani Demonstration,96,100.0,54.03,10.53,synthetic
2025-09-13,UJANI-DEMO-001,Ujani Demonstration,96,100.0,52.42,9.41,synthetic
2025-09-14,UJANI-DEMO-001,Ujani Demonstration,96,100.0,47.75,9.81,synthetic
2025-09-15,UJANI-DEMO-001,Ujani Demonstration,96,100.0,42.95,11.23,synthetic
2025-09-16,UJANI-DEMO-001,Ujani Demonstration,96,100.0,55.66,8.27,synthetic
2025-09-17,UJANI-DEMO-001,Ujani Demonstration,96,100.0,29.94,9.85,synthetic
2025-09-18,UJANI-DEMO-001,Ujani Demonstration,96,100.0,46.36,9.6,synthetic
2025-09-19,UJANI-DEMO-001,Ujani Demonstration,96,100.0,40.62,9.13,synthetic
2025-09-20,UJANI-DEMO-001,Ujani Demonstration,96,100.0,46.35,9.45,synthetic
2025-09-21,UJANI-DEMO-001,Ujani Demonstration,96,100.0,40.65,9.59,synthetic
2025-09-22,UJANI-DEMO-001,Ujani Demonstration,96,100.0,41.79,10.78,synthetic
2025-09-23,UJANI-DEMO-001,Ujani Demonstration,96,100.0,36.53,8.49,synthetic
2025-09-24,UJANI-DEMO-001,Ujani Demonstration,96,100.0,31.68,10.77,synthetic
2025-09-25,UJANI-DEMO-001,Ujani Demonstration,96,100.0,44.71,10.25,synthetic
2025-09-26,UJANI-DEMO-001,Ujani Demonstration,96,100.0,57.47,10.69,synthetic
2025-09-27,UJANI-DEMO-001,Ujani Demonstration,96,100.0,34.76,9.99,synthetic
2025-09-28,UJANI-DEMO-001,Ujani Demonstration,96,100.0,40.93,9.91,synthetic
2025-09-29,UJANI-DEMO-001,Ujani Demonstration,96,100.0,54.04,11.13,synthetic
2025-09-30,UJANI-DEMO-001,Ujani Demonstration,96,100.0,38.7,9.49,synthetic
2025-10-01,UJANI-DEMO-001,Ujani Demonstration,96,100.0,51.17,10.38,synthetic
2025-10-02,UJANI-DEMO-001,Ujani Demonstration,96,100.0,41.3,10.53,synthetic
2025-10-03,UJANI-DEMO-001,Ujani Demonstration,96,100.0,47.62,10.37,synthetic
2025-10-04,UJANI-DEMO-001,Ujani Demonstration,96,100.0,50.07,10.68,synthetic
2025-10-05,UJANI-DEMO-001,Ujani Demonstration,96,100.0,38.04,9.29,synthetic
2025-10-06,UJANI-DEMO-001,Ujani Demonstration,96,100.0,48.79,7.78,synthetic
2025-10-07,UJANI-DEMO-001,Ujani Demonstration,96,100.0,48.43,11.45,synthetic
2025-10-08,UJANI-DEMO-001,Ujani Demonstration,96,100.0,35.5,9.75,synthetic
2025-10-09,UJANI-DEMO-001,Ujani Demonstration,96,100.0,29.16,9.82,synthetic
2025-10-10,UJANI-DEMO-001,Ujani Demonstration,96,100.0,46.68,10.17,synthetic
2025-10-11,UJANI-DEMO-001,Ujani Demonstration,96,100.0,26.6,9.67,synthetic
2025-10-12,UJANI-DEMO-001,Ujani Demonstration,96,100.0,44.45,10.14,synthetic
2025-10-13,UJANI-DEMO-001,Ujani Demonstration,96,100.0,50.89,11.57,synthetic
2025-10-14,UJANI-DEMO-001,Ujani Demonstration,96,100.0,36.34,10.83,synthetic
2025-10-15,UJANI-DEMO-001,Ujani Demonstration,96,100.0,25.54,11.1,synthetic
2025-10-16,UJANI-DEMO-001,Ujani Demonstration,96,100.0,37.61,11.35,synthetic
2025-10-17,UJANI-DEMO-001,Ujani Demonstration,96,100.0,50.17,9.96,synthetic
2025-10-18,UJANI-DEMO-001,Ujani Demonstration,96,100.0,37.1,10.57,synthetic
2025-10-19,UJANI-DEMO-001,Ujani Demonstration,96,100.0,31.58,11.16,synthetic
2025-10-20,UJANI-DEMO-001,Ujani Demonstration,96,100.0,33.69,8.08,synthetic
2025-10-21,UJANI-DEMO-001,Ujani Demonstration,96,100.0,39.33,11.4,synthetic
2025-10-22,UJANI-DEMO-001,Ujani Demonstration,96,100.0,36.09,10.6,synthetic
2025-10-23,UJANI-DEMO-001,Ujani Demonstration,96,100.0,22.64,10.75,synthetic
2025-10-24,UJANI-DEMO-001,Ujani Demonstration,95.7,100.0,10.42,11.99,synthetic
2025-10-25,UJANI-DEMO-001,Ujani Demonstration,96,100.0,30.08,10.6,synthetic
2025-10-26,UJANI-DEMO-001,Ujani Demonstration,96,100.0,18.22,9.19,synthetic
2025-10-27,UJANI-DEMO-001,Ujani Demonstration,96,100.0,17.97,10.27,synthetic
2025-10-28,UJANI-DEMO-001,Ujani Demonstration,96,100.0,23.95,11.51,synthetic
2025-10-29,UJANI-DEMO-001,Ujani Demonstration,96,100.0,23.45,11.61,synthetic
2025-10-30,UJANI-DEMO-001,Ujani Demonstration,96,100.0,52.73,10.73,synthetic
2025-10-31,UJANI-DEMO-001,Ujani Demonstration,96,100.0,35.19,10.89,synthetic
2025-11-01,UJANI-DEMO-001,Ujani Demonstration,96,100.0,24.29,11.47,synthetic
2025-11-02,UJANI-DEMO-001,Ujani Demonstration,96,100.0,22.9,10.37,synthetic
2025-11-03,UJANI-DEMO-001,Ujani Demonstration,96,100.0,35.12,9.88,synthetic
2025-11-04,UJANI-DEMO-001,Ujani Demonstration,96,100.0,18.18,9.72,synthetic
2025-11-05,UJANI-DEMO-001,Ujani Demonstration,96,100.0,23.51,10.9,synthetic
2025-11-06,UJANI-DEMO-001,Ujani Demonstration,96,100.0,23.8,10.66,synthetic
2025-11-07,UJANI-DEMO-001,Ujani Demonstration,96,100.0,18.94,12.38,synthetic
2025-11-08,UJANI-DEMO-001,Ujani Demonstration,95.8,100.0,12.0,13.01,synthetic
2025-11-09,UJANI-DEMO-001,Ujani Demonstration,96,100.0,26.59,11.35,synthetic
2025-11-10,UJANI-DEMO-001,Ujani Demonstration,95.8,100.0,9.77,10.58,synthetic
2025-11-11,UJANI-DEMO-001,Ujani Demonstration,96,100.0,14.56,11.57,synthetic
2025-11-12,UJANI-DEMO-001,Ujani Demonstration,96,100.0,21.19,10.56,synthetic
2025-11-13,UJANI-DEMO-001,Ujani Demonstration,96,100.0,27.38,11.5,synthetic
2025-11-14,UJANI-DEMO-001,Ujani Demonstration,94.8,100.0,5.8,11.19,synthetic
2025-11-15,UJANI-DEMO-001,Ujani Demonstration,96.0,100.0,15.13,9.89,synthetic
2025-11-16,UJANI-DEMO-001,Ujani Demonstration,96,100.0,12.98,12.21,synthetic
2025-11-17,UJANI-DEMO-001,Ujani Demonstration,96,100.0,12.2,11.27,synthetic
2025-11-18,UJANI-DEMO-001,Ujani Demonstration,96,100.0,13.7,11.06,synthetic
2025-11-19,UJANI-DEMO-001,Ujani Demonstration,96,100.0,14.05,11.32,synthetic
2025-11-20,UJANI-DEMO-001,Ujani Demonstration,95.2,100.0,7.45,11.04,synthetic
2025-11-21,UJANI-DEMO-001,Ujani Demonstration,96,100.0,20.61,11.78,synthetic
2025-11-22,UJANI-DEMO-001,Ujani Demonstration,93.9,100.0,0.97,10.36,synthetic
2025-11-23,UJANI-DEMO-001,Ujani Demonstration,96,100.0,23.74,11.12,synthetic
2025-11-24,UJANI-DEMO-001,Ujani Demonstration,94.0,100.0,3.48,12.68,synthetic
2025-11-25,UJANI-DEMO-001,Ujani Demonstration,92.8,100.0,9.29,14.42,synthetic
2025-11-26,UJANI-DEMO-001,Ujani Demonstration,90.7,100.0,3.21,13.08,synthetic
2025-11-27,UJANI-DEMO-001,Ujani Demonstration,88.5,100.0,1.87,11.59,synthetic
2025-11-28,UJANI-DEMO-001,Ujani Demonstration,87.0,100.0,4.15,11.35,synthetic
2025-11-29,UJANI-DEMO-001,Ujani Demonstration,85.5,100.0,5.32,12.11,synthetic
2025-11-30,UJANI-DEMO-001,Ujani Demonstration,86.6,100.0,17.7,12.68,synthetic
2025-12-01,UJANI-DEMO-001,Ujani Demonstration,84.0,100.0,0.79,12.34,synthetic
2025-12-02,UJANI-DEMO-001,Ujani Demonstration,82.8,100.0,6.49,11.88,synthetic
2025-12-03,UJANI-DEMO-001,Ujani Demonstration,80.0,100.0,0.37,13.1,synthetic
2025-12-04,UJANI-DEMO-001,Ujani Demonstration,81.7,100.0,19.38,11.98,synthetic
2025-12-05,UJANI-DEMO-001,Ujani Demonstration,82.8,100.0,17.56,12.52,synthetic
2025-12-06,UJANI-DEMO-001,Ujani Demonstration,82.9,100.0,11.8,11.41,synthetic
2025-12-07,UJANI-DEMO-001,Ujani Demonstration,83.7,100.0,17.12,13.26,synthetic
2025-12-08,UJANI-DEMO-001,Ujani Demonstration,81.6,100.0,4.3,13.91,synthetic
2025-12-09,UJANI-DEMO-001,Ujani Demonstration,78.8,100.0,0,12.88,synthetic
2025-12-10,UJANI-DEMO-001,Ujani Demonstration,76.5,100.0,2.3,12.49,synthetic
2025-12-11,UJANI-DEMO-001,Ujani Demonstration,78.3,100.0,21.08,12.94,synthetic
2025-12-12,UJANI-DEMO-001,Ujani Demonstration,75.3,100.0,0,13.72,synthetic
2025-12-13,UJANI-DEMO-001,Ujani Demonstration,74.6,100.0,9.13,12.07,synthetic
2025-12-14,UJANI-DEMO-001,Ujani Demonstration,72.8,100.0,4.35,12.7,synthetic
2025-12-15,UJANI-DEMO-001,Ujani Demonstration,72.1,100.0,7.27,10.53,synthetic
2025-12-16,UJANI-DEMO-001,Ujani Demonstration,72.2,100.0,12.96,12.38,synthetic
2025-12-17,UJANI-DEMO-001,Ujani Demonstration,70.9,100.0,5.68,11.55,synthetic
2025-12-18,UJANI-DEMO-001,Ujani Demonstration,69.1,100.0,3.34,11.8,synthetic
2025-12-19,UJANI-DEMO-001,Ujani Demonstration,66.7,100.0,1.62,12.47,synthetic
2025-12-20,UJANI-DEMO-001,Ujani Demonstration,65.4,100.0,6.71,12.42,synthetic
2025-12-21,UJANI-DEMO-001,Ujani Demonstration,66.1,100.0,15.25,11.97,synthetic
2025-12-22,UJANI-DEMO-001,Ujani Demonstration,63.9,100.0,1.82,11.87,synthetic
2025-12-23,UJANI-DEMO-001,Ujani Demonstration,62.0,100.0,4.82,13.72,synthetic
2025-12-24,UJANI-DEMO-001,Ujani Demonstration,59.8,100.0,2.27,12.12,synthetic
2025-12-25,UJANI-DEMO-001,Ujani Demonstration,58.1,100.0,4.97,12.62,synthetic
2025-12-26,UJANI-DEMO-001,Ujani Demonstration,57.9,100.0,9.98,11.2,synthetic
2025-12-27,UJANI-DEMO-001,Ujani Demonstration,56.2,100.0,5.7,13.12,synthetic
2025-12-28,UJANI-DEMO-001,Ujani Demonstration,54.4,100.0,5.25,13.6,synthetic
2025-12-29,UJANI-DEMO-001,Ujani Demonstration,55.1,100.0,15.48,12.38,synthetic
2025-12-30,UJANI-DEMO-001,Ujani Demonstration,52.5,100.0,0.01,11.48,synthetic
